idna_subject,checker_type,destination,source,tested_at,session_id
[adblock,AVAILABILITY,origin.list,origin.list,2021-07-04 00:01:50.602256,c3f136bc7762597115ee6d1e
plus,AVAILABILITY,origin.list,origin.list,2021-07-04 00:01:54.763762,c3f136bc7762597115ee6d1e
2.8],AVAILABILITY,origin.list,origin.list,2021-07-04 00:01:58.028614,c3f136bc7762597115ee6d1e
!,AVAILABILITY,origin.list,origin.list,2021-07-04 00:02:01.290641,c3f136bc7762597115ee6d1e
version:,AVAILABILITY,origin.list,origin.list,2021-07-04 00:02:04.553664,c3f136bc7762597115ee6d1e
title:,AVAILABILITY,origin.list,origin.list,2021-07-04 00:02:07.815895,c3f136bc7762597115ee6d1e
x,AVAILABILITY,origin.list,origin.list,2021-07-04 00:02:11.967109,c3f136bc7762597115ee6d1e
files:,AVAILABILITY,origin.list,origin.list,2021-07-04 00:02:15.229741,c3f136bc7762597115ee6d1e
hws,AVAILABILITY,origin.list,origin.list,2021-07-04 00:02:19.318568,c3f136bc7762597115ee6d1e
harmful,AVAILABILITY,origin.list,origin.list,2021-07-04 00:02:23.468529,c3f136bc7762597115ee6d1e
websites,AVAILABILITY,origin.list,origin.list,2021-07-04 00:02:27.621196,c3f136bc7762597115ee6d1e
blocca,AVAILABILITY,origin.list,origin.list,2021-07-04 00:02:31.714916,c3f136bc7762597115ee6d1e
siti,AVAILABILITY,origin.list,origin.list,2021-07-04 00:02:35.806616,c3f136bc7762597115ee6d1e
web,AVAILABILITY,origin.list,origin.list,2021-07-04 00:02:39.898270,c3f136bc7762597115ee6d1e
potenzialmente,AVAILABILITY,origin.list,origin.list,2021-07-04 00:02:43.984734,c3f136bc7762597115ee6d1e
dannosi,AVAILABILITY,origin.list,origin.list,2021-07-04 00:02:48.077639,c3f136bc7762597115ee6d1e
per,AVAILABILITY,origin.list,origin.list,2021-07-04 00:02:52.167724,c3f136bc7762597115ee6d1e
la,AVAILABILITY,origin.list,origin.list,2021-07-04 00:02:56.276203,c3f136bc7762597115ee6d1e
tua,AVAILABILITY,origin.list,origin.list,2021-07-04 00:03:00.362629,c3f136bc7762597115ee6d1e
navigazione,AVAILABILITY,origin.list,origin.list,2021-07-04 00:03:04.452945,c3f136bc7762597115ee6d1e
last,AVAILABILITY,origin.list,origin.list,2021-07-04 00:03:08.543146,c3f136bc7762597115ee6d1e
modified:,AVAILABILITY,origin.list,origin.list,2021-07-04 00:03:11.804814,c3f136bc7762597115ee6d1e
expires:,AVAILABILITY,origin.list,origin.list,2021-07-04 00:03:15.067645,c3f136bc7762597115ee6d1e
days,AVAILABILITY,origin.list,origin.list,2021-07-04 00:03:19.158703,c3f136bc7762597115ee6d1e
homepage:,AVAILABILITY,origin.list,origin.list,2021-07-04 00:03:22.420942,c3f136bc7762597115ee6d1e
https://xfiles.noads.it,AVAILABILITY,origin.list,origin.list,2021-07-04 00:03:27.973780,c3f136bc7762597115ee6d1e
home:,AVAILABILITY,origin.list,origin.list,2021-07-04 00:03:31.236306,c3f136bc7762597115ee6d1e
blog:,AVAILABILITY,origin.list,origin.list,2021-07-04 00:03:34.499445,c3f136bc7762597115ee6d1e
hosting:,AVAILABILITY,origin.list,origin.list,2021-07-04 00:03:37.761550,c3f136bc7762597115ee6d1e
acinutrilife.com/test/personal_zone/special_cloud/763g43ch2zeetc_z5038ss7/,AVAILABILITY,origin.list,origin.list,2021-07-04 00:03:41.024128,c3f136bc7762597115ee6d1e
aci.serabd.com/aci/Document/dqg717m1/,AVAILABILITY,origin.list,origin.list,2021-07-04 00:03:44.285843,c3f136bc7762597115ee6d1e
aeroasia-interior.com/cgi-bin/multifunctional-section/corporate-warehouse/873955838570-NdrzVDgktL3zda/,AVAILABILITY,origin.list,origin.list,2021-07-04 00:03:47.547210,c3f136bc7762597115ee6d1e
agacenter.ro/wp-admin/kh9-nhd-95338/,AVAILABILITY,origin.list,origin.list,2021-07-04 00:03:50.808636,c3f136bc7762597115ee6d1e
agtrade.hu/images/FILE/guiex92647391090439xam98iglqqhui/,AVAILABILITY,origin.list,origin.list,2021-07-04 00:03:54.072173,c3f136bc7762597115ee6d1e
aistidafa.com/ar/payment/lvat7ei2tf1/,AVAILABILITY,origin.list,origin.list,2021-07-04 00:03:57.333641,c3f136bc7762597115ee6d1e
alaksir.com/Scripts/TW6LJpx/,AVAILABILITY,origin.list,origin.list,2021-07-04 00:04:00.596197,c3f136bc7762597115ee6d1e
alarmnet.ph/jscripts/multifunctional-995252059-LB3dQXa8iP46rrf2/verifiable-area/38389030029-nwGsfAPYIqNN4HbL/,AVAILABILITY,origin.list,origin.list,2021-07-04 00:04:03.858558,c3f136bc7762597115ee6d1e
alfaltda.cl/cgi-bin/OCT/f33d20/r68jg11798877829093838dy5g04ba3y3w30m/,AVAILABILITY,origin.list,origin.list,2021-07-04 00:04:07.121099,c3f136bc7762597115ee6d1e
almgaard.nl/images/public/mbr3it650632v1q6ln390dze7w/,AVAILABILITY,origin.list,origin.list,2021-07-04 00:04:10.383725,c3f136bc7762597115ee6d1e
alpena.com.tr/acm/Scan/,AVAILABILITY,origin.list,origin.list,2021-07-04 00:04:13.645842,c3f136bc7762597115ee6d1e
altimira.es/img/32-d6uvn-66/,AVAILABILITY,origin.list,origin.list,2021-07-04 00:04:16.907963,c3f136bc7762597115ee6d1e
ammonhair.nl/cerrado/a7dkhtq_poapk4wyi_matriz/5uud_yOV4uh4/,AVAILABILITY,origin.list,origin.list,2021-07-04 00:04:20.170566,c3f136bc7762597115ee6d1e
anprax.com/wp-content/fsp-f1yna-099/,AVAILABILITY,origin.list,origin.list,2021-07-04 00:04:23.433919,c3f136bc7762597115ee6d1e
aperfectimage.pl/arcreative_2/swift/,AVAILABILITY,origin.list,origin.list,2021-07-04 00:04:26.695609,c3f136bc7762597115ee6d1e
arcapps.org/exceledu/parts_service/,AVAILABILITY,origin.list,origin.list,2021-07-04 00:04:29.957360,c3f136bc7762597115ee6d1e
ariefsetiawan.com/emakbelajarmasak.com/payment/,AVAILABILITY,origin.list,origin.list,2021-07-04 00:04:33.219527,c3f136bc7762597115ee6d1e
arizonaonsale.com/cgi-bin/VuM64/,AVAILABILITY,origin.list,origin.list,2021-07-04 00:04:36.481822,c3f136bc7762597115ee6d1e
armadalecfc.com/wp-admin/parts_service/z8kdwyil7/,AVAILABILITY,origin.list,origin.list,2021-07-04 00:04:39.743695,c3f136bc7762597115ee6d1e
arpaco.com.pk/cgi-bin/balance/,AVAILABILITY,origin.list,origin.list,2021-07-04 00:04:43.004933,c3f136bc7762597115ee6d1e
artephatun.com.br/tmp/common_zone/guarded_3945853350_MNPSs98QHvXrMp/tjzdgzpx5_7u0zs2w7w8v/,AVAILABILITY,origin.list,origin.list,2021-07-04 00:04:46.266626,c3f136bc7762597115ee6d1e
asomevenar.org/cgi-bin/Overview/,AVAILABILITY,origin.list,origin.list,2021-07-04 00:04:49.528743,c3f136bc7762597115ee6d1e
asrijeweler.com/wp-admin/DOC/favf513476009051607a7eqbocb0pg0w97/,AVAILABILITY,origin.list,origin.list,2021-07-04 00:04:52.790995,c3f136bc7762597115ee6d1e
atelierbrasilia.com/site/ja_xek8_7k/,AVAILABILITY,origin.list,origin.list,2021-07-04 00:04:56.052977,c3f136bc7762597115ee6d1e
ative.nl/Ermelo/sk0vy_nln3_j8thtzh3ia/,AVAILABILITY,origin.list,origin.list,2021-07-04 00:04:59.315320,c3f136bc7762597115ee6d1e
atsyemek.com/uploads/lm/hdjsoa6j/,AVAILABILITY,origin.list,origin.list,2021-07-04 00:05:02.578113,c3f136bc7762597115ee6d1e
autohausgrund.de/wp-includes/LLC/,AVAILABILITY,origin.list,origin.list,2021-07-04 00:05:05.840809,c3f136bc7762597115ee6d1e
avitech.net.au/mail/report/4jv5du/c90w544357159703856z9nbow2q3fjga/,AVAILABILITY,origin.list,origin.list,2021-07-04 00:05:09.103878,c3f136bc7762597115ee6d1e
azurewood.com/gpolaq/00225500164/,AVAILABILITY,origin.list,origin.list,2021-07-04 00:05:12.365913,c3f136bc7762597115ee6d1e
azurewood.com/gpolaq/03253330132/,AVAILABILITY,origin.list,origin.list,2021-07-04 00:05:15.627648,c3f136bc7762597115ee6d1e
azurewood.com/gpolaq/07857291210/,AVAILABILITY,origin.list,origin.list,2021-07-04 00:05:18.886811,c3f136bc7762597115ee6d1e
azurewood.com/gpolaq/FNTGZN54L12C469R/,AVAILABILITY,origin.list,origin.list,2021-07-04 00:05:22.149149,c3f136bc7762597115ee6d1e
azurewood.com/gpolaq/GCMTTL66M14G224U/,AVAILABILITY,origin.list,origin.list,2021-07-04 00:05:25.410938,c3f136bc7762597115ee6d1e
backroom.co.nz/1080/INC/,AVAILABILITY,origin.list,origin.list,2021-07-04 00:05:28.674737,c3f136bc7762597115ee6d1e
badabadabingo.com/diapercakes/personal_1814275331_FWhVT4/security_2Xte2p7R_N4ptgNWEXv1/dkjn8bijy2wtrkc3_3tw1v2yt/,AVAILABILITY,origin.list,origin.list,2021-07-04 00:05:31.936278,c3f136bc7762597115ee6d1e
basheijns.nl/open-1DWas-A8T3KrGT/protected-disk/guarded-RSv22KTdj-H7ITcXQs6/401028481483-YZl80IfShNvkZTii/,AVAILABILITY,origin.list,origin.list,2021-07-04 00:05:35.198309,c3f136bc7762597115ee6d1e
bdub.net/security/attachments/cu4693452x0njwrf3ifxn/,AVAILABILITY,origin.list,origin.list,2021-07-04 00:05:38.461412,c3f136bc7762597115ee6d1e
beenakker.eu/cgi-bin/i0zrp8-g44d-2191/,AVAILABILITY,origin.list,origin.list,2021-07-04 00:05:41.723156,c3f136bc7762597115ee6d1e
behnasan.com/wp-content/VR7NLT9EVPE/1n0169378753r01n1p9u1djp2/,AVAILABILITY,origin.list,origin.list,2021-07-04 00:05:44.986127,c3f136bc7762597115ee6d1e
bendys.com.au/cgi-bin/invoice/,AVAILABILITY,origin.list,origin.list,2021-07-04 00:05:48.248350,c3f136bc7762597115ee6d1e
bigblue.com.tr/aspnet_client/BHla7ElEm-iehYRYOKUW-d78-1mh7lclolrj/test-area/4hd9a-vs722/,AVAILABILITY,origin.list,origin.list,2021-07-04 00:05:51.510670,c3f136bc7762597115ee6d1e
binaghetta.it/swf/Reporting/,AVAILABILITY,origin.list,origin.list,2021-07-04 00:05:54.774270,c3f136bc7762597115ee6d1e
bioklinika.lv/ambulatornye-operacii/7hg2fchgk/,AVAILABILITY,origin.list,origin.list,2021-07-04 00:05:58.037127,c3f136bc7762597115ee6d1e
biotunes.org/RxSXnM/,AVAILABILITY,origin.list,origin.list,2021-07-04 00:06:01.299963,c3f136bc7762597115ee6d1e
birosthalittc.in/images/v6anvl-yyp-5644/,AVAILABILITY,origin.list,origin.list,2021-07-04 00:06:04.562963,c3f136bc7762597115ee6d1e
blaha.pl/lm/18tgcoqy5/r1676320he4b0gsfo4/,AVAILABILITY,origin.list,origin.list,2021-07-04 00:06:07.829029,c3f136bc7762597115ee6d1e
bloodcreative.co.uk/Scripts/private-B1PxU-bpyyZM3/lwm1o260shb-cdsu5t590era-ryiK9Kt-Pd9L2ciooPLIEB/192817551-NzXgC6/,AVAILABILITY,origin.list,origin.list,2021-07-04 00:06:11.091842,c3f136bc7762597115ee6d1e
bloodink.com/lyrics/y9ptq5p0-ffq-9380/,AVAILABILITY,origin.list,origin.list,2021-07-04 00:06:14.354503,c3f136bc7762597115ee6d1e
bloomncare.com/wp-content/esp/rrxjpr/c22y0877995jcg2cdny5/,AVAILABILITY,origin.list,origin.list,2021-07-04 00:06:17.618191,c3f136bc7762597115ee6d1e
blswlaw.com/aspnet_client/666521873_ijjzelkgmqs_atqjjbq1n20k74_taco/test_space/dp4ed5lqlfu_omho0jknaiie/,AVAILABILITY,origin.list,origin.list,2021-07-04 00:06:20.882155,c3f136bc7762597115ee6d1e
bluepulse.co.za/Reporting/yjp7dxcpk4/,AVAILABILITY,origin.list,origin.list,2021-07-04 00:06:24.145235,c3f136bc7762597115ee6d1e
bmfestas.com.br/wp-includes/u7j4k8pt-w7o-293/,AVAILABILITY,origin.list,origin.list,2021-07-04 00:06:27.408195,c3f136bc7762597115ee6d1e
bodenstein.co.za/images/Overview/48y9muumqhsa/,AVAILABILITY,origin.list,origin.list,2021-07-04 00:06:30.669379,c3f136bc7762597115ee6d1e
boincathull.net/Pics/sites/ozs9afun7j/,AVAILABILITY,origin.list,origin.list,2021-07-04 00:06:33.931773,c3f136bc7762597115ee6d1e
bonstock.com/wp-snapshots/24428574-xJjRtZjDLq7hNGdw-array/corporate-space/bqxg0prglac-1z6x04282765t5/,AVAILABILITY,origin.list,origin.list,2021-07-04 00:06:37.195300,c3f136bc7762597115ee6d1e
booyamedia.com/img/pU/,AVAILABILITY,origin.list,origin.list,2021-07-04 00:06:40.458423,c3f136bc7762597115ee6d1e
bosco.ch/email/6a3ondf4476216ztmazj41bu/,AVAILABILITY,origin.list,origin.list,2021-07-04 00:06:43.721592,c3f136bc7762597115ee6d1e
bosisio.net/www/multifunctional_9iockb49o0_80xmr2i2/test_warehouse/4113079484_V6MiZI4xbl/,AVAILABILITY,origin.list,origin.list,2021-07-04 00:06:46.984199,c3f136bc7762597115ee6d1e
botamotocross.site/wp-content/lJs/,AVAILABILITY,origin.list,origin.list,2021-07-04 00:06:50.248276,c3f136bc7762597115ee6d1e
boulderinn.com/cgi-bin/738596_5vLpJ8jM5Tmw_zone/rgl2tdb_afoq_profile/FdWW0_KgG9v0G21pqG0/,AVAILABILITY,origin.list,origin.list,2021-07-04 00:06:53.511456,c3f136bc7762597115ee6d1e
bouwer.cc/fonts/RyiTiIEy-NOtfEBqKROxW-sector/interior-space/wtkb-95wtv2zvwwy0/,AVAILABILITY,origin.list,origin.list,2021-07-04 00:06:56.774699,c3f136bc7762597115ee6d1e
brainora.com/locator/LLC/,AVAILABILITY,origin.list,origin.list,2021-07-04 00:07:00.037485,c3f136bc7762597115ee6d1e
brandfish.co.uk/wp-admin/98Y9V2fH_QAQ6g4XO34A_array/test_space/E1yLwHjUx4Z_zfg6rngJr/,AVAILABILITY,origin.list,origin.list,2021-07-04 00:07:03.300524,c3f136bc7762597115ee6d1e
brandsstudio.pk/system/8fcva4-5g6t-425169/,AVAILABILITY,origin.list,origin.list,2021-07-04 00:07:06.559761,c3f136bc7762597115ee6d1e
bratecbrt.com/cgi-bin/z8nb5-wqh1-364324/,AVAILABILITY,origin.list,origin.list,2021-07-04 00:07:09.822939,c3f136bc7762597115ee6d1e
breedenandsilver.com/wp-content/gd3pd7tejnl3-94ztssbbt2cm-disk/close-area/Laj0b-vw3LLu2bc/,AVAILABILITY,origin.list,origin.list,2021-07-04 00:07:13.085529,c3f136bc7762597115ee6d1e
bremessi.com.br/cgi-bin/Reporting/vq4aunqf/,AVAILABILITY,origin.list,origin.list,2021-07-04 00:07:16.348908,c3f136bc7762597115ee6d1e
briffe.com.br/-/private_array/additional_2033180068_bNyecms6j/6t687qk0c484rm_21s14x17v58/,AVAILABILITY,origin.list,origin.list,2021-07-04 00:07:19.611376,c3f136bc7762597115ee6d1e
brightmega.com/cache/private_zeb4_nzjs3s8v/external_xbhvxe369t6xb_ydlcm/pGuvmo_54f4Htwqj8m/,AVAILABILITY,origin.list,origin.list,2021-07-04 00:07:22.872173,c3f136bc7762597115ee6d1e
brightonrooms.co.uk/wedoweb.biz/attachments/,AVAILABILITY,origin.list,origin.list,2021-07-04 00:07:26.134670,c3f136bc7762597115ee6d1e
brownshotelgroup.com/cgi-bin/FILE/ekdhwmng/,AVAILABILITY,origin.list,origin.list,2021-07-04 00:07:29.397046,c3f136bc7762597115ee6d1e
bruset.no/picture_library/multifunctional-zone/corporate-area/33739768-nGH9EnoK/,AVAILABILITY,origin.list,origin.list,2021-07-04 00:07:32.659592,c3f136bc7762597115ee6d1e
bryanbuchan.com/photo/available_sector/xjylpwcL_2uFyYkrc_profile/543075_nnPGlciQolGI/,AVAILABILITY,origin.list,origin.list,2021-07-04 00:07:35.921931,c3f136bc7762597115ee6d1e
bumirubber.com/config/balance/pljn2ewjz3c/,AVAILABILITY,origin.list,origin.list,2021-07-04 00:07:39.185333,c3f136bc7762597115ee6d1e
busesworldwide.org/images/common-b676rmabd28-k6qxiimnkn61rgc/close-space/8zo-6xvxzvty18vv5/,AVAILABILITY,origin.list,origin.list,2021-07-04 00:07:42.449616,c3f136bc7762597115ee6d1e
businsurance.nl/IMG/crnxCXGMI/,AVAILABILITY,origin.list,origin.list,2021-07-04 00:07:45.713273,c3f136bc7762597115ee6d1e
byrdits.com/icon/cnj2yqh-ves-21/,AVAILABILITY,origin.list,origin.list,2021-07-04 00:07:48.976158,c3f136bc7762597115ee6d1e
byteresa.com/jewelry/available-to-250s/corporate-ol9zpt6iamfkd-s453z3/vq5lir4bzext-9z3x2/,AVAILABILITY,origin.list,origin.list,2021-07-04 00:07:52.239037,c3f136bc7762597115ee6d1e
c0140529.ferozo.com/assets/payment/y3fc6ub1w6/z652607lc2kxgxxjkuq5/,AVAILABILITY,origin.list,origin.list,2021-07-04 00:07:55.502651,c3f136bc7762597115ee6d1e
cabelectrical.com.au/images/private-array/91022997-sXO8u3-warehouse/IvGoBgnwY-idbqJqi1vq8/,AVAILABILITY,origin.list,origin.list,2021-07-04 00:07:58.766120,c3f136bc7762597115ee6d1e
cagev.org/wp-includes/docs/a709cdyuc/,AVAILABILITY,origin.list,origin.list,2021-07-04 00:08:02.031283,c3f136bc7762597115ee6d1e
cairocad.com/cgi-bin/21-i9v70-29/,AVAILABILITY,origin.list,origin.list,2021-07-04 00:08:05.294400,c3f136bc7762597115ee6d1e
cali.de/cgi-bin/closed-array/security-portal/jVJHG-gnH7arjdzM6aow/,AVAILABILITY,origin.list,origin.list,2021-07-04 00:08:08.558113,c3f136bc7762597115ee6d1e
cameronandswan.co.uk/paypalupdateaccounts.com/docs/2pard1b1/,AVAILABILITY,origin.list,origin.list,2021-07-04 00:08:11.820873,c3f136bc7762597115ee6d1e
campanus.cz/wp-admin/u7lh-oe-265/,AVAILABILITY,origin.list,origin.list,2021-07-04 00:08:15.083453,c3f136bc7762597115ee6d1e
campdevanol.com/sites/pages/k4dx2-umn95-834/,AVAILABILITY,origin.list,origin.list,2021-07-04 00:08:18.347556,c3f136bc7762597115ee6d1e
camponovo.it/sites/personal-zone/9903323767-v5mJuWLJZmd3QJv-space/587661-gbuAoHPXeh0G/,AVAILABILITY,origin.list,origin.list,2021-07-04 00:08:21.610287,c3f136bc7762597115ee6d1e
campsbayviews.com/wp-snapshots/browse/,AVAILABILITY,origin.list,origin.list,2021-07-04 00:08:24.872625,c3f136bc7762597115ee6d1e
cankofte.com/wp-includes/invoice/q9ngcdd35/,AVAILABILITY,origin.list,origin.list,2021-07-04 00:08:28.135404,c3f136bc7762597115ee6d1e
capesandbox.com/analysis/35229/,AVAILABILITY,origin.list,origin.list,2021-07-04 00:08:31.397925,c3f136bc7762597115ee6d1e
capesandbox.com/analysis/35230/,AVAILABILITY,origin.list,origin.list,2021-07-04 00:08:34.660386,c3f136bc7762597115ee6d1e
capesandbox.com/analysis/35231/,AVAILABILITY,origin.list,origin.list,2021-07-04 00:08:37.923425,c3f136bc7762597115ee6d1e
carinebelzon.nl/wp-includes/j5b2dg5-bcviq-67696/,AVAILABILITY,origin.list,origin.list,2021-07-04 00:08:41.186358,c3f136bc7762597115ee6d1e
carlosmartins.ca/webrep.ca/tc-k62-626/,AVAILABILITY,origin.list,origin.list,2021-07-04 00:08:44.450659,c3f136bc7762597115ee6d1e
casadorothea.com/cc/c9zt997bbm35_kelmu_resource/interior_forum/rrz3wlvnf_78w8x0/,AVAILABILITY,origin.list,origin.list,2021-07-04 00:08:47.710798,c3f136bc7762597115ee6d1e
catamountcenter.org/OLDSITE/protected-box/security-cloud/609076864-lGLAe/,AVAILABILITY,origin.list,origin.list,2021-07-04 00:08:50.974405,c3f136bc7762597115ee6d1e
cathelest.com/barcode/esp/16en5e/s4788440667412voxp2c0yem5pa/,AVAILABILITY,origin.list,origin.list,2021-07-04 00:08:54.237409,c3f136bc7762597115ee6d1e
caygri.com/wp-content/DAQ8JVK52OF/,AVAILABILITY,origin.list,origin.list,2021-07-04 00:08:57.501480,c3f136bc7762597115ee6d1e
cbi.com.eg/wp-content/open_section/verified_profile/zddZ9qKN02Bg_1az7dtcm0rJu2/,AVAILABILITY,origin.list,origin.list,2021-07-04 00:09:00.766093,c3f136bc7762597115ee6d1e
ccsau.com/screenshots/report/6b4hmuvf9/,AVAILABILITY,origin.list,origin.list,2021-07-04 00:09:04.028786,c3f136bc7762597115ee6d1e
cddvd.kz/cgi-bin/4dm7nwdr2m/,AVAILABILITY,origin.list,origin.list,2021-07-04 00:09:07.290915,c3f136bc7762597115ee6d1e
cdprf.com/sroptun/02240450342/,AVAILABILITY,origin.list,origin.list,2021-07-04 00:09:10.554618,c3f136bc7762597115ee6d1e
cdprf.com/sroptun/03983230404/,AVAILABILITY,origin.list,origin.list,2021-07-04 00:09:13.818766,c3f136bc7762597115ee6d1e
cdprf.com/sroptun/05725050487/,AVAILABILITY,origin.list,origin.list,2021-07-04 00:09:17.082552,c3f136bc7762597115ee6d1e
cdprf.com/sroptun/DSRRFL66M10G942V/,AVAILABILITY,origin.list,origin.list,2021-07-04 00:09:20.346745,c3f136bc7762597115ee6d1e
cdprf.com/sroptun/PDRNDR75A13E289Q/,AVAILABILITY,origin.list,origin.list,2021-07-04 00:09:23.610656,c3f136bc7762597115ee6d1e
cdprf.com/sroptun/TLNGCR66P09L175T/,AVAILABILITY,origin.list,origin.list,2021-07-04 00:09:26.874604,c3f136bc7762597115ee6d1e
cebucoolstuff.com/image/be/,AVAILABILITY,origin.list,origin.list,2021-07-04 00:09:30.138424,c3f136bc7762597115ee6d1e
ceda.com.tr/wp-includes/protected-array/1013002440-7neh4H5KOOl-warehouse/5j2x0-54z1v6vxw1/,AVAILABILITY,origin.list,origin.list,2021-07-04 00:09:33.402299,c3f136bc7762597115ee6d1e
ceelen.nl/cgi-bin/10888951522-3TwXguZOZOS-resource/individual-86751898-vCyWh4TQk/k2OaabFU8P-ld7k8m6oG/,AVAILABILITY,origin.list,origin.list,2021-07-04 00:09:36.665866,c3f136bc7762597115ee6d1e
centeklabs.com/wp-content/CpdiO/,AVAILABILITY,origin.list,origin.list,2021-07-04 00:09:39.927731,c3f136bc7762597115ee6d1e
centreforitexcellence.com.au/owncloud/common_section/verified_k711vneei_p0pr6/wgat8hf_y7twyx073/,AVAILABILITY,origin.list,origin.list,2021-07-04 00:09:43.193151,c3f136bc7762597115ee6d1e
cgemtalent.com/open-call/j4x9_rezdf_4/,AVAILABILITY,origin.list,origin.list,2021-07-04 00:09:46.456082,c3f136bc7762597115ee6d1e
cghmedia.com/subsets/uc6zc6uw-cxe4o-28384/,AVAILABILITY,origin.list,origin.list,2021-07-04 00:09:49.716888,c3f136bc7762597115ee6d1e
chairsdirect.eu/ISC6014/payment/ygxfiuqlrzy/j347496077232739usd13pj4df0c0ujy/,AVAILABILITY,origin.list,origin.list,2021-07-04 00:09:52.980000,c3f136bc7762597115ee6d1e
champlain1715.com/cgi-bin/91805152410/zzpi4qe5kuai/jxa7986431nvqpxst3m4os8ukq/,AVAILABILITY,origin.list,origin.list,2021-07-04 00:09:56.243399,c3f136bc7762597115ee6d1e
chcquimica.com.br/loja/001943/,AVAILABILITY,origin.list,origin.list,2021-07-04 00:09:59.506044,c3f136bc7762597115ee6d1e
check-best-prizes-here.*,AVAILABILITY,origin.list,origin.list,2021-07-04 00:10:02.769287,c3f136bc7762597115ee6d1e
chmiola.net/studio/flsHUm/,AVAILABILITY,origin.list,origin.list,2021-07-04 00:10:06.034201,c3f136bc7762597115ee6d1e
choweng.com/pgftp/common-sector/74418075-v8OieNbgEdjT-area/08772691110848-oGOjgP0Q0ue/,AVAILABILITY,origin.list,origin.list,2021-07-04 00:10:09.297483,c3f136bc7762597115ee6d1e
chrisdior.com.au/test/balance/qgtkbp60x0/,AVAILABILITY,origin.list,origin.list,2021-07-04 00:10:12.563205,c3f136bc7762597115ee6d1e
chrisgreenhalgh.co.uk/parts_service/tg7ymomoywky/,AVAILABILITY,origin.list,origin.list,2021-07-04 00:10:15.827843,c3f136bc7762597115ee6d1e
chrisrambo.com/video/iko1-fmeh5-70818/,AVAILABILITY,origin.list,origin.list,2021-07-04 00:10:19.089721,c3f136bc7762597115ee6d1e
chunkagency.com/new/open_array/security_trNYpl_63cg28IfKyP/01wtdx4_5tw1/,AVAILABILITY,origin.list,origin.list,2021-07-04 00:10:22.355228,c3f136bc7762597115ee6d1e
cimsjr.com/hospital/lowxvel44660441/,AVAILABILITY,origin.list,origin.list,2021-07-04 00:10:25.619243,c3f136bc7762597115ee6d1e
cistilniservis-t530.com/cgi-bin/kif_srz5e_dxo7rqa5k/,AVAILABILITY,origin.list,origin.list,2021-07-04 00:10:28.883634,c3f136bc7762597115ee6d1e
cittadivita.it/fonts/INC/tfcetku53/,AVAILABILITY,origin.list,origin.list,2021-07-04 00:10:32.149000,c3f136bc7762597115ee6d1e
cityplanter.co.uk/site/payment/j2ogiqw/,AVAILABILITY,origin.list,origin.list,2021-07-04 00:10:35.413774,c3f136bc7762597115ee6d1e
clanwatson.co.uk/personal/docs/crtijac8/,AVAILABILITY,origin.list,origin.list,2021-07-04 00:10:38.679510,c3f136bc7762597115ee6d1e
classicpaint.net/wp-content/tVS1/,AVAILABILITY,origin.list,origin.list,2021-07-04 00:10:41.941674,c3f136bc7762597115ee6d1e
classic-recipes.com/cgi-bin/eoDJ13/,AVAILABILITY,origin.list,origin.list,2021-07-04 00:10:45.208466,c3f136bc7762597115ee6d1e
cleanbydesignllc.com/cgi-bin/disponible/dx7-mdv01br1j-zona/R06E6-SZ7oLagJ7HKE89Z/003339931-M8f2/,AVAILABILITY,origin.list,origin.list,2021-07-04 00:10:48.475677,c3f136bc7762597115ee6d1e
clearcall.com/_testing/protected-81534-pvXIFq/test-warehouse/59286496-t8uu5/,AVAILABILITY,origin.list,origin.list,2021-07-04 00:10:51.741053,c3f136bc7762597115ee6d1e
cliftonsecurities.co.uk/images/orxf6m-s3bu-5786/,AVAILABILITY,origin.list,origin.list,2021-07-04 00:10:55.005677,c3f136bc7762597115ee6d1e
clinicavitalefsa.com.br/cgi-bin/statement/,AVAILABILITY,origin.list,origin.list,2021-07-04 00:10:58.270780,c3f136bc7762597115ee6d1e
closhlab.com/OWN/lUvYIzLMa/,AVAILABILITY,origin.list,origin.list,2021-07-04 00:11:01.535590,c3f136bc7762597115ee6d1e
clubyourlife.ca/admin/ly6as-ulzn-021/,AVAILABILITY,origin.list,origin.list,2021-07-04 00:11:04.800776,c3f136bc7762597115ee6d1e
colemanco.com.au/home/Documentation/,AVAILABILITY,origin.list,origin.list,2021-07-04 00:11:08.065769,c3f136bc7762597115ee6d1e
colfincas.com/tmp/itzdTcS/,AVAILABILITY,origin.list,origin.list,2021-07-04 00:11:11.331362,c3f136bc7762597115ee6d1e
comars.sk/images/payment/,AVAILABILITY,origin.list,origin.list,2021-07-04 00:11:14.600261,c3f136bc7762597115ee6d1e
comitware.de/about/common_resource/verifiable_forum/716928131_wzsnn92wozvoo/,AVAILABILITY,origin.list,origin.list,2021-07-04 00:11:17.865825,c3f136bc7762597115ee6d1e
comitware.de/about/common_resource/verifiable_forum/716928131_WzSNN92WOZvOO/,AVAILABILITY,origin.list,origin.list,2021-07-04 00:11:21.128865,c3f136bc7762597115ee6d1e
commercedusud.com/cgi-bin/tp-yjf18-85615/,AVAILABILITY,origin.list,origin.list,2021-07-04 00:11:24.394624,c3f136bc7762597115ee6d1e
compednet.com/wp-content/Nv55027/,AVAILABILITY,origin.list,origin.list,2021-07-04 00:11:27.657380,c3f136bc7762597115ee6d1e
comprof.com.au/britex/Scan/,AVAILABILITY,origin.list,origin.list,2021-07-04 00:11:30.922420,c3f136bc7762597115ee6d1e
compustate.com/browse/wj995he11jm8/,AVAILABILITY,origin.list,origin.list,2021-07-04 00:11:34.191994,c3f136bc7762597115ee6d1e
confricami.eu/css/parts_service/8h1m0yhuzcd/,AVAILABILITY,origin.list,origin.list,2021-07-04 00:11:37.453793,c3f136bc7762597115ee6d1e
conilizate.com/eng/4zx84zes-gop-639/,AVAILABILITY,origin.list,origin.list,2021-07-04 00:11:40.718586,c3f136bc7762597115ee6d1e
controllchile.cl/satisfaccion/multifunctional_box/test_cloud/e5Qaxgk8U_hfImiizzoqkkn/,AVAILABILITY,origin.list,origin.list,2021-07-04 00:11:43.984390,c3f136bc7762597115ee6d1e
controll.cl/satisfaccion/attachments/1hqf5898/08j4036841147353gkgpswtfqlge/,AVAILABILITY,origin.list,origin.list,2021-07-04 00:11:47.249606,c3f136bc7762597115ee6d1e
convert.gr/images/78c2w1fs6/3wz28960951306976n9d8mmkt3hpa03/,AVAILABILITY,origin.list,origin.list,2021-07-04 00:11:50.515402,c3f136bc7762597115ee6d1e
copavflex.com.br/cgi-bin/sites/pcgria00356060635808153fsa133pw62h91vhs5ia76/,AVAILABILITY,origin.list,origin.list,2021-07-04 00:11:53.780893,c3f136bc7762597115ee6d1e
coresite.ne.jp/ml/78848327-A1EYOkXXuoJ-9326342-MOWefokwRWz1/test-YWzjgtYz-BzzxPFqxDl/rxTU483Kg-mfM1qm670y5/,AVAILABILITY,origin.list,origin.list,2021-07-04 00:11:57.045789,c3f136bc7762597115ee6d1e
coruia.ro/ww4w/DwhOxZH/,AVAILABILITY,origin.list,origin.list,2021-07-04 00:12:00.312489,c3f136bc7762597115ee6d1e
cositasdepachecos.com/jqc/,AVAILABILITY,origin.list,origin.list,2021-07-04 00:12:03.578765,c3f136bc7762597115ee6d1e
coulsongraphics.com/js/p9bvk6ns/,AVAILABILITY,origin.list,origin.list,2021-07-04 00:12:06.843860,c3f136bc7762597115ee6d1e
cpmred.com/demoobj/DOC/1hofoks807em/0gg6fnw1346989803726jxslnrux3/,AVAILABILITY,origin.list,origin.list,2021-07-04 00:12:10.110461,c3f136bc7762597115ee6d1e
crazymut.com/ocart/parts_service/buuw0koeh8qh/,AVAILABILITY,origin.list,origin.list,2021-07-04 00:12:13.375338,c3f136bc7762597115ee6d1e
creatrix.co.za/logon/mw2d8-0pho-64/,AVAILABILITY,origin.list,origin.list,2021-07-04 00:12:16.643551,c3f136bc7762597115ee6d1e
criesagirl.com/downloads/IuxIjRzH/,AVAILABILITY,origin.list,origin.list,2021-07-04 00:12:19.910690,c3f136bc7762597115ee6d1e
criminal23.de/SmartHome/DNS/sites/hav4bk11061912129m4uk8wlplsmuuz5s/,AVAILABILITY,origin.list,origin.list,2021-07-04 00:12:23.176608,c3f136bc7762597115ee6d1e
cryptosistem.hr/cgi-bin/report/kfc8w7hl1x/28s9x127186939rchimo8zpwg/,AVAILABILITY,origin.list,origin.list,2021-07-04 00:12:26.441272,c3f136bc7762597115ee6d1e
cryser.com/w4ybackup/docs/zax84u9may/9w7o8c071544721eqs63nkryttlz58rh/,AVAILABILITY,origin.list,origin.list,2021-07-04 00:12:29.705424,c3f136bc7762597115ee6d1e
csds.ca/css/abierto/fvfp-vlq8xx3-caja/337925312496-KC3898bDm/,AVAILABILITY,origin.list,origin.list,2021-07-04 00:12:32.969003,c3f136bc7762597115ee6d1e
cuadros.pe/cgi-bin/eTrac/roac8z/b735847741276362nvthm2p78mg48iwa3/,AVAILABILITY,origin.list,origin.list,2021-07-04 00:12:36.232327,c3f136bc7762597115ee6d1e
currantmedia.com/menu/DOC/,AVAILABILITY,origin.list,origin.list,2021-07-04 00:12:39.496051,c3f136bc7762597115ee6d1e
cushionsandumbrellas.com/sliders/px7-t6-797/,AVAILABILITY,origin.list,origin.list,2021-07-04 00:12:42.759849,c3f136bc7762597115ee6d1e
cushman.net/uploads/swift/mai217124380630079275ikd8bh4wqljbxnys6x/,AVAILABILITY,origin.list,origin.list,2021-07-04 00:12:46.024042,c3f136bc7762597115ee6d1e
cwpfencing.co.uk/CWP_Fencing/Document/go9158z53o/,AVAILABILITY,origin.list,origin.list,2021-07-04 00:12:49.285146,c3f136bc7762597115ee6d1e
cyberneticservices.in/css/t2q4kmim-hy-77674/,AVAILABILITY,origin.list,origin.list,2021-07-04 00:12:52.550268,c3f136bc7762597115ee6d1e
cybertech-it.co.za/wp-includes/browse/1cn9be1r/,AVAILABILITY,origin.list,origin.list,2021-07-04 00:12:55.812350,c3f136bc7762597115ee6d1e
cygnuslabs.com/cgi-bin/browse/f1g6odh9qtyr/,AVAILABILITY,origin.list,origin.list,2021-07-04 00:12:59.077795,c3f136bc7762597115ee6d1e
dagda.es/wp-admin/DOC/,AVAILABILITY,origin.list,origin.list,2021-07-04 00:13:02.342550,c3f136bc7762597115ee6d1e
dailynetworks.com/stats/Document/ndscx6600057981581525knptl60xwb9yrd/,AVAILABILITY,origin.list,origin.list,2021-07-04 00:13:05.605289,c3f136bc7762597115ee6d1e
danaldea.ro/cgi-bin/Reporting/ymyqnyoa1a/pof37567927744174643v1vp9vxa7l/,AVAILABILITY,origin.list,origin.list,2021-07-04 00:13:08.870122,c3f136bc7762597115ee6d1e
dandbtrucking.com/swift/3oy2agn4e8v/yw8916643942491xkdikjl35y4rc/,AVAILABILITY,origin.list,origin.list,2021-07-04 00:13:12.134224,c3f136bc7762597115ee6d1e
dandyair.com/font-awesome/wl3uj9l2-web-618797/,AVAILABILITY,origin.list,origin.list,2021-07-04 00:13:15.400000,c3f136bc7762597115ee6d1e
danirvinphotography.com/wedding/FILE/x8zy6og6/,AVAILABILITY,origin.list,origin.list,2021-07-04 00:13:18.665179,c3f136bc7762597115ee6d1e
daoisthealing.com/cgi-bin/5agf3vt-xwuz-280240/,AVAILABILITY,origin.list,origin.list,2021-07-04 00:13:21.930294,c3f136bc7762597115ee6d1e
darknova.eu/Stronghold/protegido/or0pzvwahje13_r2mneofcn_recurso/7336102_SHhyw1/,AVAILABILITY,origin.list,origin.list,2021-07-04 00:13:25.195158,c3f136bc7762597115ee6d1e
databeuro.com/wp-content/75wc2i7j9y8/ey479017994f8v3ao8x25gnyu/,AVAILABILITY,origin.list,origin.list,2021-07-04 00:13:28.460087,c3f136bc7762597115ee6d1e
davethompson.me.uk/1/Documentation/,AVAILABILITY,origin.list,origin.list,2021-07-04 00:13:31.724401,c3f136bc7762597115ee6d1e
davidfetherston.com/aspnet_client/dDlgiE/,AVAILABILITY,origin.list,origin.list,2021-07-04 00:13:34.988435,c3f136bc7762597115ee6d1e
davidnemeth.com/ep217002wdeskZ/statement/p21710332coqtf1h35/,AVAILABILITY,origin.list,origin.list,2021-07-04 00:13:38.252520,c3f136bc7762597115ee6d1e
davidsgreen.net/stats/sites/639g63p0aid/1ce55637734311ykzl1nc9l64u7dzf/,AVAILABILITY,origin.list,origin.list,2021-07-04 00:13:41.516650,c3f136bc7762597115ee6d1e
dealio.com.au/PHPMailer/swift/xjes18676338531652973j1nx95qy6yxrpq3u39x/,AVAILABILITY,origin.list,origin.list,2021-07-04 00:13:44.780867,c3f136bc7762597115ee6d1e
default-page-poste.is-certified.com,AVAILABILITY,origin.list,origin.list,2021-07-04 00:13:51.244242,c3f136bc7762597115ee6d1e
defiteqazerbaycan.com/admin/1arj7yzuc64148024/,AVAILABILITY,origin.list,origin.list,2021-07-04 00:13:54.509581,c3f136bc7762597115ee6d1e
deltacraft.ro/artisans/aaM/,AVAILABILITY,origin.list,origin.list,2021-07-04 00:13:57.773834,c3f136bc7762597115ee6d1e
demonesia.net/kurban/INC/qz8q6oom1ghg/,AVAILABILITY,origin.list,origin.list,2021-07-04 00:14:01.038060,c3f136bc7762597115ee6d1e
demonpaintball.co.uk/backup/YbSE/,AVAILABILITY,origin.list,origin.list,2021-07-04 00:14:04.304552,c3f136bc7762597115ee6d1e
demu.hu/wp-content/invoice/,AVAILABILITY,origin.list,origin.list,2021-07-04 00:14:07.569744,c3f136bc7762597115ee6d1e
denizyahci.com/asset/4z8qjblu71664/,AVAILABILITY,origin.list,origin.list,2021-07-04 00:14:10.835391,c3f136bc7762597115ee6d1e
derksenwebid.nl/affinium_files/eTrac/lugf8gci33y/,AVAILABILITY,origin.list,origin.list,2021-07-04 00:14:14.099658,c3f136bc7762597115ee6d1e
designworx.co.nz/20vsf-ywcyy-34655/,AVAILABILITY,origin.list,origin.list,2021-07-04 00:14:17.365283,c3f136bc7762597115ee6d1e
detorre.es/mails/balance/,AVAILABILITY,origin.list,origin.list,2021-07-04 00:14:20.630679,c3f136bc7762597115ee6d1e
devaux.ch/picture_library/Documentation/c2888953404626u50nzzeqecfagwml2jrlf7/,AVAILABILITY,origin.list,origin.list,2021-07-04 00:14:23.896870,c3f136bc7762597115ee6d1e
diecieventi.com/cgi-bin/sites/siuqrwf29l0c/,AVAILABILITY,origin.list,origin.list,2021-07-04 00:14:27.162282,c3f136bc7762597115ee6d1e
digitalmind.pl/css/private-array/932466-WoBdUp-forum/55871962983-SMAaZd83LAPt7bh/,AVAILABILITY,origin.list,origin.list,2021-07-04 00:14:30.431615,c3f136bc7762597115ee6d1e
dii.com.pk/tests/ezcku7-q1tjw-0018/,AVAILABILITY,origin.list,origin.list,2021-07-04 00:14:33.697488,c3f136bc7762597115ee6d1e
diprotelco.com/prueba/common_section/interior_lwu_6e3/YxTl9SXeSAq_Mmw3zqLz/,AVAILABILITY,origin.list,origin.list,2021-07-04 00:14:36.963981,c3f136bc7762597115ee6d1e
directresponsegroup.com/cfc/common_sector/826050420871_5ToPo9_forum/C7qQJEIWI1y_6hd84432iK/,AVAILABILITY,origin.list,origin.list,2021-07-04 00:14:40.229378,c3f136bc7762597115ee6d1e
dishnchips.com/Library/WK/,AVAILABILITY,origin.list,origin.list,2021-07-04 00:14:43.494601,c3f136bc7762597115ee6d1e
ditec.com.my/help/Scan/,AVAILABILITY,origin.list,origin.list,2021-07-04 00:14:46.765713,c3f136bc7762597115ee6d1e
dividupe.com/jqc/,AVAILABILITY,origin.list,origin.list,2021-07-04 00:14:50.031639,c3f136bc7762597115ee6d1e
djeffries.com/wp-admin/swift/,AVAILABILITY,origin.list,origin.list,2021-07-04 00:14:53.300660,c3f136bc7762597115ee6d1e
djhavoc.net/scripts_index/lm/59zkslnxcc/,AVAILABILITY,origin.list,origin.list,2021-07-04 00:14:56.566025,c3f136bc7762597115ee6d1e
docecreativo.com/private-disk/test-area/fxdj1-u7us6925x6/,AVAILABILITY,origin.list,origin.list,2021-07-04 00:14:59.832029,c3f136bc7762597115ee6d1e
dockerydesign.com/wp-content/comun/btv6gnf3o55al-bjjmu-recurso/8v-k6ssb6w/lL30m2I1-bvYmwdfdru3l/,AVAILABILITY,origin.list,origin.list,2021-07-04 00:15:03.097698,c3f136bc7762597115ee6d1e
dogbluemedia.com/dbm-salon/1g_9s_98t0/,AVAILABILITY,origin.list,origin.list,2021-07-04 00:15:06.361706,c3f136bc7762597115ee6d1e
dot2dot.com.my/dtdcrm/66h6kvnkzr24/exx07137888439674594sffa8rjxl60t1kvnk/,AVAILABILITY,origin.list,origin.list,2021-07-04 00:15:09.626855,c3f136bc7762597115ee6d1e
dotbenstar.co.uk/cgi-bin/Reporting/1440138553es031w72g6utij0b/,AVAILABILITY,origin.list,origin.list,2021-07-04 00:15:12.891580,c3f136bc7762597115ee6d1e
202101180345,AVAILABILITY,origin.list,origin.list,2021-07-04 00:15:16.972247,c3f136bc7762597115ee6d1e
18-01-2021,AVAILABILITY,origin.list,origin.list,2021-07-04 00:15:20.373738,c3f136bc7762597115ee6d1e
dotmarket.rs/admin/Scan/v60np8a/,AVAILABILITY,origin.list,origin.list,2021-07-04 00:15:23.638608,c3f136bc7762597115ee6d1e
doubledog.nl/bin/private-sector/verifiable-4H65Tj-K4jEQCySsQjo/tpp-4y9vz95z1y/,AVAILABILITY,origin.list,origin.list,2021-07-04 00:15:26.902918,c3f136bc7762597115ee6d1e
dralcalde.es/extras/comun/yBmFw-5Imv4SlrH6H-matriz/7ybue8no16o-bdryhg0o5/,AVAILABILITY,origin.list,origin.list,2021-07-04 00:15:30.167998,c3f136bc7762597115ee6d1e
drewmaughan.com/datwheel.com/OA3PH_ehFulmPOa_array/close_profile/tms20ulp_8ut5uz7/,AVAILABILITY,origin.list,origin.list,2021-07-04 00:15:33.432816,c3f136bc7762597115ee6d1e
dualstudio.com.mx/starkids/LLC/jq4qsx9/o2uby6v1154364257264xrgk04u64ts9wdoz4o/,AVAILABILITY,origin.list,origin.list,2021-07-04 00:15:36.698345,c3f136bc7762597115ee6d1e
202101200345,AVAILABILITY,origin.list,origin.list,2021-07-04 00:15:40.779550,c3f136bc7762597115ee6d1e
20-01-2021,AVAILABILITY,origin.list,origin.list,2021-07-04 00:15:44.054496,c3f136bc7762597115ee6d1e
duhallow.com/wp-content/pm2kX374/,AVAILABILITY,origin.list,origin.list,2021-07-04 00:15:47.322538,c3f136bc7762597115ee6d1e
duncanllc.com/groundingthecloud.org/NQzx12/,AVAILABILITY,origin.list,origin.list,2021-07-04 00:15:50.587180,c3f136bc7762597115ee6d1e
dunnriteplumbing.ca/wp-admin/12x_jaaq_o3/,AVAILABILITY,origin.list,origin.list,2021-07-04 00:15:53.851691,c3f136bc7762597115ee6d1e
eagleserver.org/yyttc/personal-array/td4aolsaufd3euk-p7v10mk1i-653675063351-RUp2ghwUJ5mR2Dc/buc08nb4bd5ea8n-2945zsv9/,AVAILABILITY,origin.list,origin.list,2021-07-04 00:15:57.116475,c3f136bc7762597115ee6d1e
easywork.com.br/online/personal_module/verified_area/r76gl3x5v6v_6svxs3/,AVAILABILITY,origin.list,origin.list,2021-07-04 00:16:00.381271,c3f136bc7762597115ee6d1e
eatspam.co.uk/docs/,AVAILABILITY,origin.list,origin.list,2021-07-04 00:16:03.645741,c3f136bc7762597115ee6d1e
ebcsb.net/images/docs/9l5y250546319877741dq56pgirnry4wk18dn6vkxl/,AVAILABILITY,origin.list,origin.list,2021-07-04 00:16:06.910227,c3f136bc7762597115ee6d1e
eclosion.jp/tmp/browse/3rphwz0/,AVAILABILITY,origin.list,origin.list,2021-07-04 00:16:10.174764,c3f136bc7762597115ee6d1e
edandtrish.com/blue/Overview/6rcxufm3dz66/u3td586363081t6ids6m1pesnrrt/,AVAILABILITY,origin.list,origin.list,2021-07-04 00:16:13.439935,c3f136bc7762597115ee6d1e
edylawson.com.br/ChatExport_26_04_2019/images/INC/9ofivlj/,AVAILABILITY,origin.list,origin.list,2021-07-04 00:16:16.708852,c3f136bc7762597115ee6d1e
efetiva.net.br/cgi-bin/closed-yZfPU-7aVGSR1/id8b2tvz8m9g-zg95mhv3adnnez6-portal/j56-1y9zzsyt81z64z/,AVAILABILITY,origin.list,origin.list,2021-07-04 00:16:19.974188,c3f136bc7762597115ee6d1e
ejder.com.tr/closed_array/open_cloud/cpwlWZrtzd_37Kut2tht7H15a/,AVAILABILITY,origin.list,origin.list,2021-07-04 00:16:23.239604,c3f136bc7762597115ee6d1e
ekramco.ir/english/templates/OCT/jmhq7atn/,AVAILABILITY,origin.list,origin.list,2021-07-04 00:16:26.505430,c3f136bc7762597115ee6d1e
eldridgelondon.com/wp-admin/QS/,AVAILABILITY,origin.list,origin.list,2021-07-04 00:16:29.771063,c3f136bc7762597115ee6d1e
elementalburn.com/7107012102381-23SZF9DZczYzLB-module/verifiable-lxb4xqxarsdu24p-gjvbk/421263-tnzzz/,AVAILABILITY,origin.list,origin.list,2021-07-04 00:16:33.036343,c3f136bc7762597115ee6d1e
elevationadvertising.com/mobile/private_disk/interior_warehouse/770083473971_KzBhzvC6meInN6b9/,AVAILABILITY,origin.list,origin.list,2021-07-04 00:16:36.301479,c3f136bc7762597115ee6d1e
elifmakina.net/ww4w/WnRLv/,AVAILABILITY,origin.list,origin.list,2021-07-04 00:16:39.566338,c3f136bc7762597115ee6d1e
elisent.com/assets/ReH6966/,AVAILABILITY,origin.list,origin.list,2021-07-04 00:16:42.832020,c3f136bc7762597115ee6d1e
eliteseobusiness.com/takeout.eliteseobusiness.com/GYa538680/,AVAILABILITY,origin.list,origin.list,2021-07-04 00:16:46.098982,c3f136bc7762597115ee6d1e
elook.com.tw/ABOUT/swift/,AVAILABILITY,origin.list,origin.list,2021-07-04 00:16:49.369397,c3f136bc7762597115ee6d1e
eltallerartistico.com/language/Uybj0/,AVAILABILITY,origin.list,origin.list,2021-07-04 00:16:52.635843,c3f136bc7762597115ee6d1e
emena.org/emena2019/multifunctional_sector/verifiable_forum/0uk_41375sx0w3vu1/,AVAILABILITY,origin.list,origin.list,2021-07-04 00:16:55.902183,c3f136bc7762597115ee6d1e
e-motiva.com/wp-admin/protected_section/corporate_space/tZ9sw1wTbKFV_IoejmuMzLNu8/,AVAILABILITY,origin.list,origin.list,2021-07-04 00:16:59.168353,c3f136bc7762597115ee6d1e
empmtg.com/guestbook/uQ4qC339/,AVAILABILITY,origin.list,origin.list,2021-07-04 00:17:02.433965,c3f136bc7762597115ee6d1e
empoderacomunicacion.pe/empodera/JoPyadDHa/,AVAILABILITY,origin.list,origin.list,2021-07-04 00:17:05.698404,c3f136bc7762597115ee6d1e
engeserv.com.br/suporte/common-disk/k0kdeg9jpww-3wrs0h-cloud/942514013204-O1OxYouccIL1LQD/,AVAILABILITY,origin.list,origin.list,2021-07-04 00:17:08.964231,c3f136bc7762597115ee6d1e
enhancementtechnology.co.uk/wp-includes/w0r_c6_zy8an/,AVAILABILITY,origin.list,origin.list,2021-07-04 00:17:12.230988,c3f136bc7762597115ee6d1e
enkphilipsen.nl,AVAILABILITY,origin.list,origin.list,2021-07-04 00:17:18.998070,c3f136bc7762597115ee6d1e
eno.si/administrator/multifunctional_b7kur_ki1sq7bga/test_wYMEeSE5_JkMdHIoO/uHIB2bsVDf_r7gtG76b/,AVAILABILITY,origin.list,origin.list,2021-07-04 00:17:22.261791,c3f136bc7762597115ee6d1e
ensource.co.uk/EAYO10088k/32eMeaoiq7963578/,AVAILABILITY,origin.list,origin.list,2021-07-04 00:17:25.527889,c3f136bc7762597115ee6d1e
entouchgraphics.com/modules/common_sector/security_space/wOfMUGqF_Htg5vo3i/,AVAILABILITY,origin.list,origin.list,2021-07-04 00:17:28.792585,c3f136bc7762597115ee6d1e
eof.cat/index_htm_files/private-module/test-95655908-q7mTGGL/WkugkRwVy-9cLdk87qwqNLN/,AVAILABILITY,origin.list,origin.list,2021-07-04 00:17:32.057976,c3f136bc7762597115ee6d1e
epicurius.com.br/private_array/jzouB7JvoZ_ZZHv5ZlPmDEy_portal/665928_wCJ6VMNWAdeZF/,AVAILABILITY,origin.list,origin.list,2021-07-04 00:17:35.322752,c3f136bc7762597115ee6d1e
eragrup.ro/wp-includes/available_module/5r3um_j33u_area/wloymzu3hflc31mh_u5s792xsv/,AVAILABILITY,origin.list,origin.list,2021-07-04 00:17:38.591980,c3f136bc7762597115ee6d1e
err0r.dk/assets/protected-sector/additional-profile/dh6waf-vtz2wty6/,AVAILABILITY,origin.list,origin.list,2021-07-04 00:17:41.857321,c3f136bc7762597115ee6d1e
especialdesign.hu/responsive/fzxK/,AVAILABILITY,origin.list,origin.list,2021-07-04 00:17:45.123297,c3f136bc7762597115ee6d1e
espiraltravel.com/journal/PfY4_sTWJDcnCsya2mzw_qhkrm5b0s94ixn8k_dw8k/corporate_profile/269891_xJxCUmPzFKclI/,AVAILABILITY,origin.list,origin.list,2021-07-04 00:17:48.389669,c3f136bc7762597115ee6d1e
essand.com/test/LLC/,AVAILABILITY,origin.list,origin.list,2021-07-04 00:17:51.655541,c3f136bc7762597115ee6d1e
estebankott.com/ordasum/01133190353/,AVAILABILITY,origin.list,origin.list,2021-07-04 00:17:54.921386,c3f136bc7762597115ee6d1e
estebankott.com/ordasum/01261440380/,AVAILABILITY,origin.list,origin.list,2021-07-04 00:17:58.188945,c3f136bc7762597115ee6d1e
estebankott.com/ordasum/02085560833/,AVAILABILITY,origin.list,origin.list,2021-07-04 00:18:01.454832,c3f136bc7762597115ee6d1e
estebankott.com/ordasum/05769010652/,AVAILABILITY,origin.list,origin.list,2021-07-04 00:18:04.721313,c3f136bc7762597115ee6d1e
estebankott.com/ordasum/06606560966/,AVAILABILITY,origin.list,origin.list,2021-07-04 00:18:07.987757,c3f136bc7762597115ee6d1e
estebankott.com/ordasum/08298821219/,AVAILABILITY,origin.list,origin.list,2021-07-04 00:18:11.253582,c3f136bc7762597115ee6d1e
estebankott.com/ordasum/,AVAILABILITY,origin.list,origin.list,2021-07-04 00:18:14.519667,c3f136bc7762597115ee6d1e
estebankott.com/ordasum/PTRCRL62C21H501R/,AVAILABILITY,origin.list,origin.list,2021-07-04 00:18:17.786701,c3f136bc7762597115ee6d1e
estebankott.com/ordasum/SNNRRT80M06D205G/,AVAILABILITY,origin.list,origin.list,2021-07-04 00:18:21.053453,c3f136bc7762597115ee6d1e
etawala.com/BACKUP/egNICnA/,AVAILABILITY,origin.list,origin.list,2021-07-04 00:18:24.320740,c3f136bc7762597115ee6d1e
evaddesign.com/js/y1czsddr/,AVAILABILITY,origin.list,origin.list,2021-07-04 00:18:27.586334,c3f136bc7762597115ee6d1e
ewingconsulting.com/drupal/waw5mv82-6hatb-28925/,AVAILABILITY,origin.list,origin.list,2021-07-04 00:18:30.853077,c3f136bc7762597115ee6d1e
excelsiorlawpllc.com/wp-admin/CGsdeJ/,AVAILABILITY,origin.list,origin.list,2021-07-04 00:18:34.120951,c3f136bc7762597115ee6d1e
exeo.com/birthday/report/36h53jcnms3f/b764495492407405rpwzw90ybukghmfb/,AVAILABILITY,origin.list,origin.list,2021-07-04 00:18:37.389432,c3f136bc7762597115ee6d1e
exilum.com/homegrownorlando.com/djsv1tay8/,AVAILABILITY,origin.list,origin.list,2021-07-04 00:18:40.656699,c3f136bc7762597115ee6d1e
exprimidor.cl/nbproject/lm/,AVAILABILITY,origin.list,origin.list,2021-07-04 00:18:43.925294,c3f136bc7762597115ee6d1e
extelcon.com/test/cerrado/zd_il6mbiwwleka7nru_disco/93433_LAe8G5O01iJ/,AVAILABILITY,origin.list,origin.list,2021-07-04 00:18:47.191890,c3f136bc7762597115ee6d1e
extremcopy.hu/_megrendeles/xaujy78-5ywj-121283/,AVAILABILITY,origin.list,origin.list,2021-07-04 00:18:50.457349,c3f136bc7762597115ee6d1e
ezratisrael.org.il/cgi-bin/mxb2q2bj-4vi1-041/,AVAILABILITY,origin.list,origin.list,2021-07-04 00:18:53.724169,c3f136bc7762597115ee6d1e
ezratisrael.org.il/cgi-bin/wIBB/,AVAILABILITY,origin.list,origin.list,2021-07-04 00:18:56.990627,c3f136bc7762597115ee6d1e
faccomputer.com/images/multifunctional-96807919-8EBfmjneI8MhXE1Z/close-fvxl2FPbrw-2wiSGYC77JlJ2/g6Aue-edseksyI2/,AVAILABILITY,origin.list,origin.list,2021-07-04 00:19:00.259278,c3f136bc7762597115ee6d1e
faks.nl/worxcms/3184152392886665/7fn1jl84zjw/,AVAILABILITY,origin.list,origin.list,2021-07-04 00:19:03.526619,c3f136bc7762597115ee6d1e
famaval.pt/admin/9789631261_zPZ7I_sector/interior_area/009305713_QTysrR2/,AVAILABILITY,origin.list,origin.list,2021-07-04 00:19:06.793301,c3f136bc7762597115ee6d1e
famaweb.ir/intro/OCT/e3w7c8hv/8ximh42228773071150dd1drc3pffduow7xpf/,AVAILABILITY,origin.list,origin.list,2021-07-04 00:19:10.059349,c3f136bc7762597115ee6d1e
fanatlanta.org/db_webcal/balance/,AVAILABILITY,origin.list,origin.list,2021-07-04 00:19:13.325506,c3f136bc7762597115ee6d1e
fanction.jp/assets/Reporting/,AVAILABILITY,origin.list,origin.list,2021-07-04 00:19:16.592912,c3f136bc7762597115ee6d1e
fanda.co.ke/cgi-bin/report/,AVAILABILITY,origin.list,origin.list,2021-07-04 00:19:19.859142,c3f136bc7762597115ee6d1e
faroholidays.in/wp-content/browse/hpv20zjy51d9/pflj3671980297540dtomyigat6m3cz5f/,AVAILABILITY,origin.list,origin.list,2021-07-04 00:19:23.125673,c3f136bc7762597115ee6d1e
fashiondenver.com/73671KOF/open-4728755-30CgaqeucmpVT/guarded-forum/ko0HErp3s-Kodcrzu2xK59v/,AVAILABILITY,origin.list,origin.list,2021-07-04 00:19:26.391351,c3f136bc7762597115ee6d1e
faulidi.com/oqFagLcs/,AVAILABILITY,origin.list,origin.list,2021-07-04 00:19:29.658233,c3f136bc7762597115ee6d1e
fenlabenergy.com/restore/open_section/security_area/oStllPbl_d2wbsumqJ10fo/,AVAILABILITY,origin.list,origin.list,2021-07-04 00:19:32.923023,c3f136bc7762597115ee6d1e
ferafera.com/blueskies/lm/qiz9wnfauqre/,AVAILABILITY,origin.list,origin.list,2021-07-04 00:19:36.186279,c3f136bc7762597115ee6d1e
ferienwohnung-malcesine.de/html/OCT/,AVAILABILITY,origin.list,origin.list,2021-07-04 00:19:39.452850,c3f136bc7762597115ee6d1e
fernandez-ulrich.cat/cgi-bin/multifunctional-resource/69237055-p3SgtFGb6ryb-profile/mcmy4jpgfbh2i-094074588u5/,AVAILABILITY,origin.list,origin.list,2021-07-04 00:19:42.718727,c3f136bc7762597115ee6d1e
fhcigars.com/Documentation/,AVAILABILITY,origin.list,origin.list,2021-07-04 00:19:45.988642,c3f136bc7762597115ee6d1e
fhivelifestyle.online/lidepato/00230530131/,AVAILABILITY,origin.list,origin.list,2021-07-04 00:19:49.255611,c3f136bc7762597115ee6d1e
fhivelifestyle.online/lidepato/01562520518/,AVAILABILITY,origin.list,origin.list,2021-07-04 00:19:52.521477,c3f136bc7762597115ee6d1e
fhivelifestyle.online/lidepato/03339980793/,AVAILABILITY,origin.list,origin.list,2021-07-04 00:19:55.786841,c3f136bc7762597115ee6d1e
fhivelifestyle.online/lidepato/07823500967/,AVAILABILITY,origin.list,origin.list,2021-07-04 00:19:59.050928,c3f136bc7762597115ee6d1e
fhivelifestyle.online/lidepato/BROMTR47P50D119R/,AVAILABILITY,origin.list,origin.list,2021-07-04 00:20:02.320071,c3f136bc7762597115ee6d1e
fhivelifestyle.online/lidepato/BZZGCR60L30G224R/,AVAILABILITY,origin.list,origin.list,2021-07-04 00:20:05.589781,c3f136bc7762597115ee6d1e
fhivelifestyle.online/lidepato/NVLLSS61B28L736N/,AVAILABILITY,origin.list,origin.list,2021-07-04 00:20:08.857367,c3f136bc7762597115ee6d1e
fiberdyneqatar.com/logo/DOC/ql0n5fu/e9pn1647457604mlskhssck1sju/,AVAILABILITY,origin.list,origin.list,2021-07-04 00:20:12.123377,c3f136bc7762597115ee6d1e
fili.es/david/eTrac/n5hh72901973253foi282gihzds6ts3fxtpq/,AVAILABILITY,origin.list,origin.list,2021-07-04 00:20:15.389978,c3f136bc7762597115ee6d1e
filipesantos.com.br/wp-content/available_zone/special_portal/96157673122_Ekvl7e6JZ/,AVAILABILITY,origin.list,origin.list,2021-07-04 00:20:18.654496,c3f136bc7762597115ee6d1e
findesign.nl/css/closed_sector/F3saL8_DEMBNfLGw0vUN_forum/z6c5qinxh2g_u32uszu9/,AVAILABILITY,origin.list,origin.list,2021-07-04 00:20:21.921886,c3f136bc7762597115ee6d1e
findio.co.ke/cgi-bin/Overview/9rxax6/,AVAILABILITY,origin.list,origin.list,2021-07-04 00:20:25.187690,c3f136bc7762597115ee6d1e
finestones.dk/blogs/mxa61_d_ys8fqozh/,AVAILABILITY,origin.list,origin.list,2021-07-04 00:20:28.453747,c3f136bc7762597115ee6d1e
finnigans.org.uk/php/Documentation/rzlyuwbds/,AVAILABILITY,origin.list,origin.list,2021-07-04 00:20:31.719877,c3f136bc7762597115ee6d1e
firman.com.au/fq_cze_gakl53z/,AVAILABILITY,origin.list,origin.list,2021-07-04 00:20:34.985811,c3f136bc7762597115ee6d1e
firstaid-redliv.dk/wp-content/c_zjmm_0p7xzukpo9/,AVAILABILITY,origin.list,origin.list,2021-07-04 00:20:38.252577,c3f136bc7762597115ee6d1e
fitsystems.com/fonts/swift/,AVAILABILITY,origin.list,origin.list,2021-07-04 00:20:41.518630,c3f136bc7762597115ee6d1e
fizion.nl/wp-content/paclm/5hns2k4tmi/,AVAILABILITY,origin.list,origin.list,2021-07-04 00:20:44.784685,c3f136bc7762597115ee6d1e
flamesofrichmond.co.uk/img/eccgtgg/xnrrl340046272572dvmdyu8twrre46czm6vz/;/,AVAILABILITY,origin.list,origin.list,2021-07-04 00:20:48.050341,c3f136bc7762597115ee6d1e
flamesofrichmond.co.uk/img/eccgtgg/xnrrl340046272572dvmdyu8twrre46czm6vz/,AVAILABILITY,origin.list,origin.list,2021-07-04 00:20:51.317281,c3f136bc7762597115ee6d1e
flexitravel.com/gzb13pe4u50/po70838682154135sp2k9w5wkjly8b/,AVAILABILITY,origin.list,origin.list,2021-07-04 00:20:54.583390,c3f136bc7762597115ee6d1e
flgmedia.nl/cgi-bin/oqMpggkKy/,AVAILABILITY,origin.list,origin.list,2021-07-04 00:20:57.847208,c3f136bc7762597115ee6d1e
floow.co/fonts/available_LIhAqIXza_8Dl0rucN7m6p9/individual_warehouse/805181320758_Y46FOJj/,AVAILABILITY,origin.list,origin.list,2021-07-04 00:21:01.114349,c3f136bc7762597115ee6d1e
foodphotography.in/wp-admin/statement/rl10yk/,AVAILABILITY,origin.list,origin.list,2021-07-04 00:21:04.380408,c3f136bc7762597115ee6d1e
foredeckmarine.com.au/assets/docs/,AVAILABILITY,origin.list,origin.list,2021-07-04 00:21:07.644694,c3f136bc7762597115ee6d1e
forestanalytics.net/cgi-bin/privado/1r581wijt_0xx_modulo/vacm_bjfcqpip524d8kj5/,AVAILABILITY,origin.list,origin.list,2021-07-04 00:21:10.911059,c3f136bc7762597115ee6d1e
forexshifu.com/cgi-bin/KG/,AVAILABILITY,origin.list,origin.list,2021-07-04 00:21:14.178271,c3f136bc7762597115ee6d1e
francescoarzeni.it/dist/available-section/corporate-344051876-gtX30sO/76851718337-igerFk9wcJKtZ/,AVAILABILITY,origin.list,origin.list,2021-07-04 00:21:17.445838,c3f136bc7762597115ee6d1e
franelessac.com/blog_1/swift/,AVAILABILITY,origin.list,origin.list,2021-07-04 00:21:20.711598,c3f136bc7762597115ee6d1e
freelancerland.com/wp-includes/Scan/,AVAILABILITY,origin.list,origin.list,2021-07-04 00:21:23.980376,c3f136bc7762597115ee6d1e
frenchiesballooncreations.com.au/images/Reporting/,AVAILABILITY,origin.list,origin.list,2021-07-04 00:21:27.250944,c3f136bc7762597115ee6d1e
fresu.ch/blog/report/,AVAILABILITY,origin.list,origin.list,2021-07-04 00:21:30.518102,c3f136bc7762597115ee6d1e
frontlyeadinternationalschools.com/wp-includes/LLC/,AVAILABILITY,origin.list,origin.list,2021-07-04 00:21:33.786034,c3f136bc7762597115ee6d1e
ftr-postepay-cl-fcc.is-certified.com,AVAILABILITY,origin.list,origin.list,2021-07-04 00:21:40.353008,c3f136bc7762597115ee6d1e
fuertecaja.com/wp-content/wzn6iv-ry-81561/,AVAILABILITY,origin.list,origin.list,2021-07-04 00:21:43.622263,c3f136bc7762597115ee6d1e
function5.com.au/cache/balance/,AVAILABILITY,origin.list,origin.list,2021-07-04 00:21:46.890075,c3f136bc7762597115ee6d1e
