idna_subject,checker_type,destination,tested_at
[adblock,AVAILABILITY,origin.list,2021-07-04 00:01:50.602256
plus,AVAILABILITY,origin.list,2021-07-04 00:01:54.763762
2.8],AVAILABILITY,origin.list,2021-07-04 00:01:58.028614
!,AVAILABILITY,origin.list,2021-07-04 00:02:01.290641
version:,AVAILABILITY,origin.list,2021-07-04 00:02:04.553664
title:,AVAILABILITY,origin.list,2021-07-04 00:02:07.815895
x,AVAILABILITY,origin.list,2021-07-04 00:02:11.967109
files:,AVAILABILITY,origin.list,2021-07-04 00:02:15.229741
hws,AVAILABILITY,origin.list,2021-07-04 00:02:19.318568
harmful,AVAILABILITY,origin.list,2021-07-04 00:02:23.468529
websites,AVAILABILITY,origin.list,2021-07-04 00:02:27.621196
blocca,AVAILABILITY,origin.list,2021-07-04 00:02:31.714916
siti,AVAILABILITY,origin.list,2021-07-04 00:02:35.806616
web,AVAILABILITY,origin.list,2021-07-04 00:02:39.898270
potenzialmente,AVAILABILITY,origin.list,2021-07-04 00:02:43.984734
dannosi,AVAILABILITY,origin.list,2021-07-04 00:02:48.077639
per,AVAILABILITY,origin.list,2021-07-04 00:02:52.167724
la,AVAILABILITY,origin.list,2021-07-04 00:02:56.276203
tua,AVAILABILITY,origin.list,2021-07-04 00:03:00.362629
navigazione,AVAILABILITY,origin.list,2021-07-04 00:03:04.452945
last,AVAILABILITY,origin.list,2021-07-04 00:03:08.543146
modified:,AVAILABILITY,origin.list,2021-07-04 00:03:11.804814
expires:,AVAILABILITY,origin.list,2021-07-04 00:03:15.067645
days,AVAILABILITY,origin.list,2021-07-04 00:03:19.158703
homepage:,AVAILABILITY,origin.list,2021-07-04 00:03:22.420942
home:,AVAILABILITY,origin.list,2021-07-04 00:03:31.236306
blog:,AVAILABILITY,origin.list,2021-07-04 00:03:34.499445
hosting:,AVAILABILITY,origin.list,2021-07-04 00:03:37.761550
acinutrilife.com/test/personal_zone/special_cloud/763g43ch2zeetc_z5038ss7/,AVAILABILITY,origin.list,2021-07-04 00:03:41.024128
aci.serabd.com/aci/Document/dqg717m1/,AVAILABILITY,origin.list,2021-07-04 00:03:44.285843
aeroasia-interior.com/cgi-bin/multifunctional-section/corporate-warehouse/873955838570-NdrzVDgktL3zda/,AVAILABILITY,origin.list,2021-07-04 00:03:47.547210
agacenter.ro/wp-admin/kh9-nhd-95338/,AVAILABILITY,origin.list,2021-07-04 00:03:50.808636
agtrade.hu/images/FILE/guiex92647391090439xam98iglqqhui/,AVAILABILITY,origin.list,2021-07-04 00:03:54.072173
aistidafa.com/ar/payment/lvat7ei2tf1/,AVAILABILITY,origin.list,2021-07-04 00:03:57.333641
alaksir.com/Scripts/TW6LJpx/,AVAILABILITY,origin.list,2021-07-04 00:04:00.596197
alarmnet.ph/jscripts/multifunctional-995252059-LB3dQXa8iP46rrf2/verifiable-area/38389030029-nwGsfAPYIqNN4HbL/,AVAILABILITY,origin.list,2021-07-04 00:04:03.858558
alfaltda.cl/cgi-bin/OCT/f33d20/r68jg11798877829093838dy5g04ba3y3w30m/,AVAILABILITY,origin.list,2021-07-04 00:04:07.121099
almgaard.nl/images/public/mbr3it650632v1q6ln390dze7w/,AVAILABILITY,origin.list,2021-07-04 00:04:10.383725
alpena.com.tr/acm/Scan/,AVAILABILITY,origin.list,2021-07-04 00:04:13.645842
altimira.es/img/32-d6uvn-66/,AVAILABILITY,origin.list,2021-07-04 00:04:16.907963
ammonhair.nl/cerrado/a7dkhtq_poapk4wyi_matriz/5uud_yOV4uh4/,AVAILABILITY,origin.list,2021-07-04 00:04:20.170566
anprax.com/wp-content/fsp-f1yna-099/,AVAILABILITY,origin.list,2021-07-04 00:04:23.433919
aperfectimage.pl/arcreative_2/swift/,AVAILABILITY,origin.list,2021-07-04 00:04:26.695609
arcapps.org/exceledu/parts_service/,AVAILABILITY,origin.list,2021-07-04 00:04:29.957360
ariefsetiawan.com/emakbelajarmasak.com/payment/,AVAILABILITY,origin.list,2021-07-04 00:04:33.219527
arizonaonsale.com/cgi-bin/VuM64/,AVAILABILITY,origin.list,2021-07-04 00:04:36.481822
armadalecfc.com/wp-admin/parts_service/z8kdwyil7/,AVAILABILITY,origin.list,2021-07-04 00:04:39.743695
arpaco.com.pk/cgi-bin/balance/,AVAILABILITY,origin.list,2021-07-04 00:04:43.004933
artephatun.com.br/tmp/common_zone/guarded_3945853350_MNPSs98QHvXrMp/tjzdgzpx5_7u0zs2w7w8v/,AVAILABILITY,origin.list,2021-07-04 00:04:46.266626
asomevenar.org/cgi-bin/Overview/,AVAILABILITY,origin.list,2021-07-04 00:04:49.528743
asrijeweler.com/wp-admin/DOC/favf513476009051607a7eqbocb0pg0w97/,AVAILABILITY,origin.list,2021-07-04 00:04:52.790995
atelierbrasilia.com/site/ja_xek8_7k/,AVAILABILITY,origin.list,2021-07-04 00:04:56.052977
ative.nl/Ermelo/sk0vy_nln3_j8thtzh3ia/,AVAILABILITY,origin.list,2021-07-04 00:04:59.315320
atsyemek.com/uploads/lm/hdjsoa6j/,AVAILABILITY,origin.list,2021-07-04 00:05:02.578113
autohausgrund.de/wp-includes/LLC/,AVAILABILITY,origin.list,2021-07-04 00:05:05.840809
avitech.net.au/mail/report/4jv5du/c90w544357159703856z9nbow2q3fjga/,AVAILABILITY,origin.list,2021-07-04 00:05:09.103878
azurewood.com/gpolaq/00225500164/,AVAILABILITY,origin.list,2021-07-04 00:05:12.365913
azurewood.com/gpolaq/03253330132/,AVAILABILITY,origin.list,2021-07-04 00:05:15.627648
azurewood.com/gpolaq/07857291210/,AVAILABILITY,origin.list,2021-07-04 00:05:18.886811
azurewood.com/gpolaq/FNTGZN54L12C469R/,AVAILABILITY,origin.list,2021-07-04 00:05:22.149149
azurewood.com/gpolaq/GCMTTL66M14G224U/,AVAILABILITY,origin.list,2021-07-04 00:05:25.410938
backroom.co.nz/1080/INC/,AVAILABILITY,origin.list,2021-07-04 00:05:28.674737
badabadabingo.com/diapercakes/personal_1814275331_FWhVT4/security_2Xte2p7R_N4ptgNWEXv1/dkjn8bijy2wtrkc3_3tw1v2yt/,AVAILABILITY,origin.list,2021-07-04 00:05:31.936278
basheijns.nl/open-1DWas-A8T3KrGT/protected-disk/guarded-RSv22KTdj-H7ITcXQs6/401028481483-YZl80IfShNvkZTii/,AVAILABILITY,origin.list,2021-07-04 00:05:35.198309
bdub.net/security/attachments/cu4693452x0njwrf3ifxn/,AVAILABILITY,origin.list,2021-07-04 00:05:38.461412
beenakker.eu/cgi-bin/i0zrp8-g44d-2191/,AVAILABILITY,origin.list,2021-07-04 00:05:41.723156
behnasan.com/wp-content/VR7NLT9EVPE/1n0169378753r01n1p9u1djp2/,AVAILABILITY,origin.list,2021-07-04 00:05:44.986127
bendys.com.au/cgi-bin/invoice/,AVAILABILITY,origin.list,2021-07-04 00:05:48.248350
bigblue.com.tr/aspnet_client/BHla7ElEm-iehYRYOKUW-d78-1mh7lclolrj/test-area/4hd9a-vs722/,AVAILABILITY,origin.list,2021-07-04 00:05:51.510670
binaghetta.it/swf/Reporting/,AVAILABILITY,origin.list,2021-07-04 00:05:54.774270
bioklinika.lv/ambulatornye-operacii/7hg2fchgk/,AVAILABILITY,origin.list,2021-07-04 00:05:58.037127
biotunes.org/RxSXnM/,AVAILABILITY,origin.list,2021-07-04 00:06:01.299963
birosthalittc.in/images/v6anvl-yyp-5644/,AVAILABILITY,origin.list,2021-07-04 00:06:04.562963
blaha.pl/lm/18tgcoqy5/r1676320he4b0gsfo4/,AVAILABILITY,origin.list,2021-07-04 00:06:07.829029
bloodcreative.co.uk/Scripts/private-B1PxU-bpyyZM3/lwm1o260shb-cdsu5t590era-ryiK9Kt-Pd9L2ciooPLIEB/192817551-NzXgC6/,AVAILABILITY,origin.list,2021-07-04 00:06:11.091842
bloodink.com/lyrics/y9ptq5p0-ffq-9380/,AVAILABILITY,origin.list,2021-07-04 00:06:14.354503
bloomncare.com/wp-content/esp/rrxjpr/c22y0877995jcg2cdny5/,AVAILABILITY,origin.list,2021-07-04 00:06:17.618191
blswlaw.com/aspnet_client/666521873_ijjzelkgmqs_atqjjbq1n20k74_taco/test_space/dp4ed5lqlfu_omho0jknaiie/,AVAILABILITY,origin.list,2021-07-04 00:06:20.882155
bluepulse.co.za/Reporting/yjp7dxcpk4/,AVAILABILITY,origin.list,2021-07-04 00:06:24.145235
bmfestas.com.br/wp-includes/u7j4k8pt-w7o-293/,AVAILABILITY,origin.list,2021-07-04 00:06:27.408195
bodenstein.co.za/images/Overview/48y9muumqhsa/,AVAILABILITY,origin.list,2021-07-04 00:06:30.669379
boincathull.net/Pics/sites/ozs9afun7j/,AVAILABILITY,origin.list,2021-07-04 00:06:33.931773
bonstock.com/wp-snapshots/24428574-xJjRtZjDLq7hNGdw-array/corporate-space/bqxg0prglac-1z6x04282765t5/,AVAILABILITY,origin.list,2021-07-04 00:06:37.195300
booyamedia.com/img/pU/,AVAILABILITY,origin.list,2021-07-04 00:06:40.458423
bosco.ch/email/6a3ondf4476216ztmazj41bu/,AVAILABILITY,origin.list,2021-07-04 00:06:43.721592
bosisio.net/www/multifunctional_9iockb49o0_80xmr2i2/test_warehouse/4113079484_V6MiZI4xbl/,AVAILABILITY,origin.list,2021-07-04 00:06:46.984199
botamotocross.site/wp-content/lJs/,AVAILABILITY,origin.list,2021-07-04 00:06:50.248276
boulderinn.com/cgi-bin/738596_5vLpJ8jM5Tmw_zone/rgl2tdb_afoq_profile/FdWW0_KgG9v0G21pqG0/,AVAILABILITY,origin.list,2021-07-04 00:06:53.511456
bouwer.cc/fonts/RyiTiIEy-NOtfEBqKROxW-sector/interior-space/wtkb-95wtv2zvwwy0/,AVAILABILITY,origin.list,2021-07-04 00:06:56.774699
brainora.com/locator/LLC/,AVAILABILITY,origin.list,2021-07-04 00:07:00.037485
brandfish.co.uk/wp-admin/98Y9V2fH_QAQ6g4XO34A_array/test_space/E1yLwHjUx4Z_zfg6rngJr/,AVAILABILITY,origin.list,2021-07-04 00:07:03.300524
brandsstudio.pk/system/8fcva4-5g6t-425169/,AVAILABILITY,origin.list,2021-07-04 00:07:06.559761
bratecbrt.com/cgi-bin/z8nb5-wqh1-364324/,AVAILABILITY,origin.list,2021-07-04 00:07:09.822939
breedenandsilver.com/wp-content/gd3pd7tejnl3-94ztssbbt2cm-disk/close-area/Laj0b-vw3LLu2bc/,AVAILABILITY,origin.list,2021-07-04 00:07:13.085529
bremessi.com.br/cgi-bin/Reporting/vq4aunqf/,AVAILABILITY,origin.list,2021-07-04 00:07:16.348908
briffe.com.br/-/private_array/additional_2033180068_bNyecms6j/6t687qk0c484rm_21s14x17v58/,AVAILABILITY,origin.list,2021-07-04 00:07:19.611376
brightmega.com/cache/private_zeb4_nzjs3s8v/external_xbhvxe369t6xb_ydlcm/pGuvmo_54f4Htwqj8m/,AVAILABILITY,origin.list,2021-07-04 00:07:22.872173
brightonrooms.co.uk/wedoweb.biz/attachments/,AVAILABILITY,origin.list,2021-07-04 00:07:26.134670
brownshotelgroup.com/cgi-bin/FILE/ekdhwmng/,AVAILABILITY,origin.list,2021-07-04 00:07:29.397046
bruset.no/picture_library/multifunctional-zone/corporate-area/33739768-nGH9EnoK/,AVAILABILITY,origin.list,2021-07-04 00:07:32.659592
bryanbuchan.com/photo/available_sector/xjylpwcL_2uFyYkrc_profile/543075_nnPGlciQolGI/,AVAILABILITY,origin.list,2021-07-04 00:07:35.921931
bumirubber.com/config/balance/pljn2ewjz3c/,AVAILABILITY,origin.list,2021-07-04 00:07:39.185333
busesworldwide.org/images/common-b676rmabd28-k6qxiimnkn61rgc/close-space/8zo-6xvxzvty18vv5/,AVAILABILITY,origin.list,2021-07-04 00:07:42.449616
businsurance.nl/IMG/crnxCXGMI/,AVAILABILITY,origin.list,2021-07-04 00:07:45.713273
byrdits.com/icon/cnj2yqh-ves-21/,AVAILABILITY,origin.list,2021-07-04 00:07:48.976158
byteresa.com/jewelry/available-to-250s/corporate-ol9zpt6iamfkd-s453z3/vq5lir4bzext-9z3x2/,AVAILABILITY,origin.list,2021-07-04 00:07:52.239037
c0140529.ferozo.com/assets/payment/y3fc6ub1w6/z652607lc2kxgxxjkuq5/,AVAILABILITY,origin.list,2021-07-04 00:07:55.502651
cabelectrical.com.au/images/private-array/91022997-sXO8u3-warehouse/IvGoBgnwY-idbqJqi1vq8/,AVAILABILITY,origin.list,2021-07-04 00:07:58.766120
cagev.org/wp-includes/docs/a709cdyuc/,AVAILABILITY,origin.list,2021-07-04 00:08:02.031283
cairocad.com/cgi-bin/21-i9v70-29/,AVAILABILITY,origin.list,2021-07-04 00:08:05.294400
cali.de/cgi-bin/closed-array/security-portal/jVJHG-gnH7arjdzM6aow/,AVAILABILITY,origin.list,2021-07-04 00:08:08.558113
cameronandswan.co.uk/paypalupdateaccounts.com/docs/2pard1b1/,AVAILABILITY,origin.list,2021-07-04 00:08:11.820873
campanus.cz/wp-admin/u7lh-oe-265/,AVAILABILITY,origin.list,2021-07-04 00:08:15.083453
campdevanol.com/sites/pages/k4dx2-umn95-834/,AVAILABILITY,origin.list,2021-07-04 00:08:18.347556
camponovo.it/sites/personal-zone/9903323767-v5mJuWLJZmd3QJv-space/587661-gbuAoHPXeh0G/,AVAILABILITY,origin.list,2021-07-04 00:08:21.610287
campsbayviews.com/wp-snapshots/browse/,AVAILABILITY,origin.list,2021-07-04 00:08:24.872625
cankofte.com/wp-includes/invoice/q9ngcdd35/,AVAILABILITY,origin.list,2021-07-04 00:08:28.135404
capesandbox.com/analysis/35229/,AVAILABILITY,origin.list,2021-07-04 00:08:31.397925
capesandbox.com/analysis/35230/,AVAILABILITY,origin.list,2021-07-04 00:08:34.660386
capesandbox.com/analysis/35231/,AVAILABILITY,origin.list,2021-07-04 00:08:37.923425
carinebelzon.nl/wp-includes/j5b2dg5-bcviq-67696/,AVAILABILITY,origin.list,2021-07-04 00:08:41.186358
carlosmartins.ca/webrep.ca/tc-k62-626/,AVAILABILITY,origin.list,2021-07-04 00:08:44.450659
casadorothea.com/cc/c9zt997bbm35_kelmu_resource/interior_forum/rrz3wlvnf_78w8x0/,AVAILABILITY,origin.list,2021-07-04 00:08:47.710798
catamountcenter.org/OLDSITE/protected-box/security-cloud/609076864-lGLAe/,AVAILABILITY,origin.list,2021-07-04 00:08:50.974405
cathelest.com/barcode/esp/16en5e/s4788440667412voxp2c0yem5pa/,AVAILABILITY,origin.list,2021-07-04 00:08:54.237409
caygri.com/wp-content/DAQ8JVK52OF/,AVAILABILITY,origin.list,2021-07-04 00:08:57.501480
cbi.com.eg/wp-content/open_section/verified_profile/zddZ9qKN02Bg_1az7dtcm0rJu2/,AVAILABILITY,origin.list,2021-07-04 00:09:00.766093
ccsau.com/screenshots/report/6b4hmuvf9/,AVAILABILITY,origin.list,2021-07-04 00:09:04.028786
cddvd.kz/cgi-bin/4dm7nwdr2m/,AVAILABILITY,origin.list,2021-07-04 00:09:07.290915
cdprf.com/sroptun/02240450342/,AVAILABILITY,origin.list,2021-07-04 00:09:10.554618
cdprf.com/sroptun/03983230404/,AVAILABILITY,origin.list,2021-07-04 00:09:13.818766
cdprf.com/sroptun/05725050487/,AVAILABILITY,origin.list,2021-07-04 00:09:17.082552
cdprf.com/sroptun/DSRRFL66M10G942V/,AVAILABILITY,origin.list,2021-07-04 00:09:20.346745
cdprf.com/sroptun/PDRNDR75A13E289Q/,AVAILABILITY,origin.list,2021-07-04 00:09:23.610656
cdprf.com/sroptun/TLNGCR66P09L175T/,AVAILABILITY,origin.list,2021-07-04 00:09:26.874604
cebucoolstuff.com/image/be/,AVAILABILITY,origin.list,2021-07-04 00:09:30.138424
ceda.com.tr/wp-includes/protected-array/1013002440-7neh4H5KOOl-warehouse/5j2x0-54z1v6vxw1/,AVAILABILITY,origin.list,2021-07-04 00:09:33.402299
ceelen.nl/cgi-bin/10888951522-3TwXguZOZOS-resource/individual-86751898-vCyWh4TQk/k2OaabFU8P-ld7k8m6oG/,AVAILABILITY,origin.list,2021-07-04 00:09:36.665866
centeklabs.com/wp-content/CpdiO/,AVAILABILITY,origin.list,2021-07-04 00:09:39.927731
centreforitexcellence.com.au/owncloud/common_section/verified_k711vneei_p0pr6/wgat8hf_y7twyx073/,AVAILABILITY,origin.list,2021-07-04 00:09:43.193151
cgemtalent.com/open-call/j4x9_rezdf_4/,AVAILABILITY,origin.list,2021-07-04 00:09:46.456082
cghmedia.com/subsets/uc6zc6uw-cxe4o-28384/,AVAILABILITY,origin.list,2021-07-04 00:09:49.716888
chairsdirect.eu/ISC6014/payment/ygxfiuqlrzy/j347496077232739usd13pj4df0c0ujy/,AVAILABILITY,origin.list,2021-07-04 00:09:52.980000
champlain1715.com/cgi-bin/91805152410/zzpi4qe5kuai/jxa7986431nvqpxst3m4os8ukq/,AVAILABILITY,origin.list,2021-07-04 00:09:56.243399
chcquimica.com.br/loja/001943/,AVAILABILITY,origin.list,2021-07-04 00:09:59.506044
check-best-prizes-here.*,AVAILABILITY,origin.list,2021-07-04 00:10:02.769287
chmiola.net/studio/flsHUm/,AVAILABILITY,origin.list,2021-07-04 00:10:06.034201
choweng.com/pgftp/common-sector/74418075-v8OieNbgEdjT-area/08772691110848-oGOjgP0Q0ue/,AVAILABILITY,origin.list,2021-07-04 00:10:09.297483
chrisdior.com.au/test/balance/qgtkbp60x0/,AVAILABILITY,origin.list,2021-07-04 00:10:12.563205
chrisgreenhalgh.co.uk/parts_service/tg7ymomoywky/,AVAILABILITY,origin.list,2021-07-04 00:10:15.827843
chrisrambo.com/video/iko1-fmeh5-70818/,AVAILABILITY,origin.list,2021-07-04 00:10:19.089721
chunkagency.com/new/open_array/security_trNYpl_63cg28IfKyP/01wtdx4_5tw1/,AVAILABILITY,origin.list,2021-07-04 00:10:22.355228
cimsjr.com/hospital/lowxvel44660441/,AVAILABILITY,origin.list,2021-07-04 00:10:25.619243
cistilniservis-t530.com/cgi-bin/kif_srz5e_dxo7rqa5k/,AVAILABILITY,origin.list,2021-07-04 00:10:28.883634
cittadivita.it/fonts/INC/tfcetku53/,AVAILABILITY,origin.list,2021-07-04 00:10:32.149000
cityplanter.co.uk/site/payment/j2ogiqw/,AVAILABILITY,origin.list,2021-07-04 00:10:35.413774
clanwatson.co.uk/personal/docs/crtijac8/,AVAILABILITY,origin.list,2021-07-04 00:10:38.679510
classicpaint.net/wp-content/tVS1/,AVAILABILITY,origin.list,2021-07-04 00:10:41.941674
classic-recipes.com/cgi-bin/eoDJ13/,AVAILABILITY,origin.list,2021-07-04 00:10:45.208466
cleanbydesignllc.com/cgi-bin/disponible/dx7-mdv01br1j-zona/R06E6-SZ7oLagJ7HKE89Z/003339931-M8f2/,AVAILABILITY,origin.list,2021-07-04 00:10:48.475677
clearcall.com/_testing/protected-81534-pvXIFq/test-warehouse/59286496-t8uu5/,AVAILABILITY,origin.list,2021-07-04 00:10:51.741053
cliftonsecurities.co.uk/images/orxf6m-s3bu-5786/,AVAILABILITY,origin.list,2021-07-04 00:10:55.005677
clinicavitalefsa.com.br/cgi-bin/statement/,AVAILABILITY,origin.list,2021-07-04 00:10:58.270780
closhlab.com/OWN/lUvYIzLMa/,AVAILABILITY,origin.list,2021-07-04 00:11:01.535590
clubyourlife.ca/admin/ly6as-ulzn-021/,AVAILABILITY,origin.list,2021-07-04 00:11:04.800776
colemanco.com.au/home/Documentation/,AVAILABILITY,origin.list,2021-07-04 00:11:08.065769
colfincas.com/tmp/itzdTcS/,AVAILABILITY,origin.list,2021-07-04 00:11:11.331362
comars.sk/images/payment/,AVAILABILITY,origin.list,2021-07-04 00:11:14.600261
comitware.de/about/common_resource/verifiable_forum/716928131_wzsnn92wozvoo/,AVAILABILITY,origin.list,2021-07-04 00:11:17.865825
comitware.de/about/common_resource/verifiable_forum/716928131_WzSNN92WOZvOO/,AVAILABILITY,origin.list,2021-07-04 00:11:21.128865
commercedusud.com/cgi-bin/tp-yjf18-85615/,AVAILABILITY,origin.list,2021-07-04 00:11:24.394624
compednet.com/wp-content/Nv55027/,AVAILABILITY,origin.list,2021-07-04 00:11:27.657380
comprof.com.au/britex/Scan/,AVAILABILITY,origin.list,2021-07-04 00:11:30.922420
compustate.com/browse/wj995he11jm8/,AVAILABILITY,origin.list,2021-07-04 00:11:34.191994
confricami.eu/css/parts_service/8h1m0yhuzcd/,AVAILABILITY,origin.list,2021-07-04 00:11:37.453793
conilizate.com/eng/4zx84zes-gop-639/,AVAILABILITY,origin.list,2021-07-04 00:11:40.718586
controllchile.cl/satisfaccion/multifunctional_box/test_cloud/e5Qaxgk8U_hfImiizzoqkkn/,AVAILABILITY,origin.list,2021-07-04 00:11:43.984390
controll.cl/satisfaccion/attachments/1hqf5898/08j4036841147353gkgpswtfqlge/,AVAILABILITY,origin.list,2021-07-04 00:11:47.249606
convert.gr/images/78c2w1fs6/3wz28960951306976n9d8mmkt3hpa03/,AVAILABILITY,origin.list,2021-07-04 00:11:50.515402
copavflex.com.br/cgi-bin/sites/pcgria00356060635808153fsa133pw62h91vhs5ia76/,AVAILABILITY,origin.list,2021-07-04 00:11:53.780893
coresite.ne.jp/ml/78848327-A1EYOkXXuoJ-9326342-MOWefokwRWz1/test-YWzjgtYz-BzzxPFqxDl/rxTU483Kg-mfM1qm670y5/,AVAILABILITY,origin.list,2021-07-04 00:11:57.045789
coruia.ro/ww4w/DwhOxZH/,AVAILABILITY,origin.list,2021-07-04 00:12:00.312489
cositasdepachecos.com/jqc/,AVAILABILITY,origin.list,2021-07-04 00:12:03.578765
coulsongraphics.com/js/p9bvk6ns/,AVAILABILITY,origin.list,2021-07-04 00:12:06.843860
cpmred.com/demoobj/DOC/1hofoks807em/0gg6fnw1346989803726jxslnrux3/,AVAILABILITY,origin.list,2021-07-04 00:12:10.110461
crazymut.com/ocart/parts_service/buuw0koeh8qh/,AVAILABILITY,origin.list,2021-07-04 00:12:13.375338
creatrix.co.za/logon/mw2d8-0pho-64/,AVAILABILITY,origin.list,2021-07-04 00:12:16.643551
criesagirl.com/downloads/IuxIjRzH/,AVAILABILITY,origin.list,2021-07-04 00:12:19.910690
criminal23.de/SmartHome/DNS/sites/hav4bk11061912129m4uk8wlplsmuuz5s/,AVAILABILITY,origin.list,2021-07-04 00:12:23.176608
cryptosistem.hr/cgi-bin/report/kfc8w7hl1x/28s9x127186939rchimo8zpwg/,AVAILABILITY,origin.list,2021-07-04 00:12:26.441272
cryser.com/w4ybackup/docs/zax84u9may/9w7o8c071544721eqs63nkryttlz58rh/,AVAILABILITY,origin.list,2021-07-04 00:12:29.705424
csds.ca/css/abierto/fvfp-vlq8xx3-caja/337925312496-KC3898bDm/,AVAILABILITY,origin.list,2021-07-04 00:12:32.969003
cuadros.pe/cgi-bin/eTrac/roac8z/b735847741276362nvthm2p78mg48iwa3/,AVAILABILITY,origin.list,2021-07-04 00:12:36.232327
currantmedia.com/menu/DOC/,AVAILABILITY,origin.list,2021-07-04 00:12:39.496051
cushionsandumbrellas.com/sliders/px7-t6-797/,AVAILABILITY,origin.list,2021-07-04 00:12:42.759849
cushman.net/uploads/swift/mai217124380630079275ikd8bh4wqljbxnys6x/,AVAILABILITY,origin.list,2021-07-04 00:12:46.024042
cwpfencing.co.uk/CWP_Fencing/Document/go9158z53o/,AVAILABILITY,origin.list,2021-07-04 00:12:49.285146
cyberneticservices.in/css/t2q4kmim-hy-77674/,AVAILABILITY,origin.list,2021-07-04 00:12:52.550268
cybertech-it.co.za/wp-includes/browse/1cn9be1r/,AVAILABILITY,origin.list,2021-07-04 00:12:55.812350
cygnuslabs.com/cgi-bin/browse/f1g6odh9qtyr/,AVAILABILITY,origin.list,2021-07-04 00:12:59.077795
dagda.es/wp-admin/DOC/,AVAILABILITY,origin.list,2021-07-04 00:13:02.342550
dailynetworks.com/stats/Document/ndscx6600057981581525knptl60xwb9yrd/,AVAILABILITY,origin.list,2021-07-04 00:13:05.605289
danaldea.ro/cgi-bin/Reporting/ymyqnyoa1a/pof37567927744174643v1vp9vxa7l/,AVAILABILITY,origin.list,2021-07-04 00:13:08.870122
dandbtrucking.com/swift/3oy2agn4e8v/yw8916643942491xkdikjl35y4rc/,AVAILABILITY,origin.list,2021-07-04 00:13:12.134224
dandyair.com/font-awesome/wl3uj9l2-web-618797/,AVAILABILITY,origin.list,2021-07-04 00:13:15.400000
danirvinphotography.com/wedding/FILE/x8zy6og6/,AVAILABILITY,origin.list,2021-07-04 00:13:18.665179
daoisthealing.com/cgi-bin/5agf3vt-xwuz-280240/,AVAILABILITY,origin.list,2021-07-04 00:13:21.930294
darknova.eu/Stronghold/protegido/or0pzvwahje13_r2mneofcn_recurso/7336102_SHhyw1/,AVAILABILITY,origin.list,2021-07-04 00:13:25.195158
databeuro.com/wp-content/75wc2i7j9y8/ey479017994f8v3ao8x25gnyu/,AVAILABILITY,origin.list,2021-07-04 00:13:28.460087
davethompson.me.uk/1/Documentation/,AVAILABILITY,origin.list,2021-07-04 00:13:31.724401
davidfetherston.com/aspnet_client/dDlgiE/,AVAILABILITY,origin.list,2021-07-04 00:13:34.988435
davidnemeth.com/ep217002wdeskZ/statement/p21710332coqtf1h35/,AVAILABILITY,origin.list,2021-07-04 00:13:38.252520
davidsgreen.net/stats/sites/639g63p0aid/1ce55637734311ykzl1nc9l64u7dzf/,AVAILABILITY,origin.list,2021-07-04 00:13:41.516650
dealio.com.au/PHPMailer/swift/xjes18676338531652973j1nx95qy6yxrpq3u39x/,AVAILABILITY,origin.list,2021-07-04 00:13:44.780867
default-page-poste.is-certified.com,AVAILABILITY,origin.list,2021-07-04 00:13:51.244242
defiteqazerbaycan.com/admin/1arj7yzuc64148024/,AVAILABILITY,origin.list,2021-07-04 00:13:54.509581
deltacraft.ro/artisans/aaM/,AVAILABILITY,origin.list,2021-07-04 00:13:57.773834
demonesia.net/kurban/INC/qz8q6oom1ghg/,AVAILABILITY,origin.list,2021-07-04 00:14:01.038060
demonpaintball.co.uk/backup/YbSE/,AVAILABILITY,origin.list,2021-07-04 00:14:04.304552
demu.hu/wp-content/invoice/,AVAILABILITY,origin.list,2021-07-04 00:14:07.569744
denizyahci.com/asset/4z8qjblu71664/,AVAILABILITY,origin.list,2021-07-04 00:14:10.835391
derksenwebid.nl/affinium_files/eTrac/lugf8gci33y/,AVAILABILITY,origin.list,2021-07-04 00:14:14.099658
designworx.co.nz/20vsf-ywcyy-34655/,AVAILABILITY,origin.list,2021-07-04 00:14:17.365283
detorre.es/mails/balance/,AVAILABILITY,origin.list,2021-07-04 00:14:20.630679
devaux.ch/picture_library/Documentation/c2888953404626u50nzzeqecfagwml2jrlf7/,AVAILABILITY,origin.list,2021-07-04 00:14:23.896870
diecieventi.com/cgi-bin/sites/siuqrwf29l0c/,AVAILABILITY,origin.list,2021-07-04 00:14:27.162282
digitalmind.pl/css/private-array/932466-WoBdUp-forum/55871962983-SMAaZd83LAPt7bh/,AVAILABILITY,origin.list,2021-07-04 00:14:30.431615
dii.com.pk/tests/ezcku7-q1tjw-0018/,AVAILABILITY,origin.list,2021-07-04 00:14:33.697488
diprotelco.com/prueba/common_section/interior_lwu_6e3/YxTl9SXeSAq_Mmw3zqLz/,AVAILABILITY,origin.list,2021-07-04 00:14:36.963981
directresponsegroup.com/cfc/common_sector/826050420871_5ToPo9_forum/C7qQJEIWI1y_6hd84432iK/,AVAILABILITY,origin.list,2021-07-04 00:14:40.229378
dishnchips.com/Library/WK/,AVAILABILITY,origin.list,2021-07-04 00:14:43.494601
ditec.com.my/help/Scan/,AVAILABILITY,origin.list,2021-07-04 00:14:46.765713
dividupe.com/jqc/,AVAILABILITY,origin.list,2021-07-04 00:14:50.031639
djeffries.com/wp-admin/swift/,AVAILABILITY,origin.list,2021-07-04 00:14:53.300660
djhavoc.net/scripts_index/lm/59zkslnxcc/,AVAILABILITY,origin.list,2021-07-04 00:14:56.566025
docecreativo.com/private-disk/test-area/fxdj1-u7us6925x6/,AVAILABILITY,origin.list,2021-07-04 00:14:59.832029
dockerydesign.com/wp-content/comun/btv6gnf3o55al-bjjmu-recurso/8v-k6ssb6w/lL30m2I1-bvYmwdfdru3l/,AVAILABILITY,origin.list,2021-07-04 00:15:03.097698
dogbluemedia.com/dbm-salon/1g_9s_98t0/,AVAILABILITY,origin.list,2021-07-04 00:15:06.361706
dot2dot.com.my/dtdcrm/66h6kvnkzr24/exx07137888439674594sffa8rjxl60t1kvnk/,AVAILABILITY,origin.list,2021-07-04 00:15:09.626855
dotbenstar.co.uk/cgi-bin/Reporting/1440138553es031w72g6utij0b/,AVAILABILITY,origin.list,2021-07-04 00:15:12.891580
202101180345,AVAILABILITY,origin.list,2021-07-04 00:15:16.972247
18-01-2021,AVAILABILITY,origin.list,2021-07-04 00:15:20.373738
dotmarket.rs/admin/Scan/v60np8a/,AVAILABILITY,origin.list,2021-07-04 00:15:23.638608
doubledog.nl/bin/private-sector/verifiable-4H65Tj-K4jEQCySsQjo/tpp-4y9vz95z1y/,AVAILABILITY,origin.list,2021-07-04 00:15:26.902918
dralcalde.es/extras/comun/yBmFw-5Imv4SlrH6H-matriz/7ybue8no16o-bdryhg0o5/,AVAILABILITY,origin.list,2021-07-04 00:15:30.167998
drewmaughan.com/datwheel.com/OA3PH_ehFulmPOa_array/close_profile/tms20ulp_8ut5uz7/,AVAILABILITY,origin.list,2021-07-04 00:15:33.432816
dualstudio.com.mx/starkids/LLC/jq4qsx9/o2uby6v1154364257264xrgk04u64ts9wdoz4o/,AVAILABILITY,origin.list,2021-07-04 00:15:36.698345
202101200345,AVAILABILITY,origin.list,2021-07-04 00:15:40.779550
20-01-2021,AVAILABILITY,origin.list,2021-07-04 00:15:44.054496
duhallow.com/wp-content/pm2kX374/,AVAILABILITY,origin.list,2021-07-04 00:15:47.322538
duncanllc.com/groundingthecloud.org/NQzx12/,AVAILABILITY,origin.list,2021-07-04 00:15:50.587180
dunnriteplumbing.ca/wp-admin/12x_jaaq_o3/,AVAILABILITY,origin.list,2021-07-04 00:15:53.851691
eagleserver.org/yyttc/personal-array/td4aolsaufd3euk-p7v10mk1i-653675063351-RUp2ghwUJ5mR2Dc/buc08nb4bd5ea8n-2945zsv9/,AVAILABILITY,origin.list,2021-07-04 00:15:57.116475
easywork.com.br/online/personal_module/verified_area/r76gl3x5v6v_6svxs3/,AVAILABILITY,origin.list,2021-07-04 00:16:00.381271
eatspam.co.uk/docs/,AVAILABILITY,origin.list,2021-07-04 00:16:03.645741
ebcsb.net/images/docs/9l5y250546319877741dq56pgirnry4wk18dn6vkxl/,AVAILABILITY,origin.list,2021-07-04 00:16:06.910227
eclosion.jp/tmp/browse/3rphwz0/,AVAILABILITY,origin.list,2021-07-04 00:16:10.174764
edandtrish.com/blue/Overview/6rcxufm3dz66/u3td586363081t6ids6m1pesnrrt/,AVAILABILITY,origin.list,2021-07-04 00:16:13.439935
edylawson.com.br/ChatExport_26_04_2019/images/INC/9ofivlj/,AVAILABILITY,origin.list,2021-07-04 00:16:16.708852
efetiva.net.br/cgi-bin/closed-yZfPU-7aVGSR1/id8b2tvz8m9g-zg95mhv3adnnez6-portal/j56-1y9zzsyt81z64z/,AVAILABILITY,origin.list,2021-07-04 00:16:19.974188
ejder.com.tr/closed_array/open_cloud/cpwlWZrtzd_37Kut2tht7H15a/,AVAILABILITY,origin.list,2021-07-04 00:16:23.239604
ekramco.ir/english/templates/OCT/jmhq7atn/,AVAILABILITY,origin.list,2021-07-04 00:16:26.505430
eldridgelondon.com/wp-admin/QS/,AVAILABILITY,origin.list,2021-07-04 00:16:29.771063
elementalburn.com/7107012102381-23SZF9DZczYzLB-module/verifiable-lxb4xqxarsdu24p-gjvbk/421263-tnzzz/,AVAILABILITY,origin.list,2021-07-04 00:16:33.036343
elevationadvertising.com/mobile/private_disk/interior_warehouse/770083473971_KzBhzvC6meInN6b9/,AVAILABILITY,origin.list,2021-07-04 00:16:36.301479
elifmakina.net/ww4w/WnRLv/,AVAILABILITY,origin.list,2021-07-04 00:16:39.566338
elisent.com/assets/ReH6966/,AVAILABILITY,origin.list,2021-07-04 00:16:42.832020
eliteseobusiness.com/takeout.eliteseobusiness.com/GYa538680/,AVAILABILITY,origin.list,2021-07-04 00:16:46.098982
elook.com.tw/ABOUT/swift/,AVAILABILITY,origin.list,2021-07-04 00:16:49.369397
eltallerartistico.com/language/Uybj0/,AVAILABILITY,origin.list,2021-07-04 00:16:52.635843
emena.org/emena2019/multifunctional_sector/verifiable_forum/0uk_41375sx0w3vu1/,AVAILABILITY,origin.list,2021-07-04 00:16:55.902183
e-motiva.com/wp-admin/protected_section/corporate_space/tZ9sw1wTbKFV_IoejmuMzLNu8/,AVAILABILITY,origin.list,2021-07-04 00:16:59.168353
empmtg.com/guestbook/uQ4qC339/,AVAILABILITY,origin.list,2021-07-04 00:17:02.433965
empoderacomunicacion.pe/empodera/JoPyadDHa/,AVAILABILITY,origin.list,2021-07-04 00:17:05.698404
engeserv.com.br/suporte/common-disk/k0kdeg9jpww-3wrs0h-cloud/942514013204-O1OxYouccIL1LQD/,AVAILABILITY,origin.list,2021-07-04 00:17:08.964231
enhancementtechnology.co.uk/wp-includes/w0r_c6_zy8an/,AVAILABILITY,origin.list,2021-07-04 00:17:12.230988
enkphilipsen.nl,AVAILABILITY,origin.list,2021-07-04 00:17:18.998070
eno.si/administrator/multifunctional_b7kur_ki1sq7bga/test_wYMEeSE5_JkMdHIoO/uHIB2bsVDf_r7gtG76b/,AVAILABILITY,origin.list,2021-07-04 00:17:22.261791
ensource.co.uk/EAYO10088k/32eMeaoiq7963578/,AVAILABILITY,origin.list,2021-07-04 00:17:25.527889
entouchgraphics.com/modules/common_sector/security_space/wOfMUGqF_Htg5vo3i/,AVAILABILITY,origin.list,2021-07-04 00:17:28.792585
eof.cat/index_htm_files/private-module/test-95655908-q7mTGGL/WkugkRwVy-9cLdk87qwqNLN/,AVAILABILITY,origin.list,2021-07-04 00:17:32.057976
epicurius.com.br/private_array/jzouB7JvoZ_ZZHv5ZlPmDEy_portal/665928_wCJ6VMNWAdeZF/,AVAILABILITY,origin.list,2021-07-04 00:17:35.322752
eragrup.ro/wp-includes/available_module/5r3um_j33u_area/wloymzu3hflc31mh_u5s792xsv/,AVAILABILITY,origin.list,2021-07-04 00:17:38.591980
err0r.dk/assets/protected-sector/additional-profile/dh6waf-vtz2wty6/,AVAILABILITY,origin.list,2021-07-04 00:17:41.857321
especialdesign.hu/responsive/fzxK/,AVAILABILITY,origin.list,2021-07-04 00:17:45.123297
espiraltravel.com/journal/PfY4_sTWJDcnCsya2mzw_qhkrm5b0s94ixn8k_dw8k/corporate_profile/269891_xJxCUmPzFKclI/,AVAILABILITY,origin.list,2021-07-04 00:17:48.389669
essand.com/test/LLC/,AVAILABILITY,origin.list,2021-07-04 00:17:51.655541
estebankott.com/ordasum/01133190353/,AVAILABILITY,origin.list,2021-07-04 00:17:54.921386
estebankott.com/ordasum/01261440380/,AVAILABILITY,origin.list,2021-07-04 00:17:58.188945
estebankott.com/ordasum/02085560833/,AVAILABILITY,origin.list,2021-07-04 00:18:01.454832
estebankott.com/ordasum/05769010652/,AVAILABILITY,origin.list,2021-07-04 00:18:04.721313
estebankott.com/ordasum/06606560966/,AVAILABILITY,origin.list,2021-07-04 00:18:07.987757
estebankott.com/ordasum/08298821219/,AVAILABILITY,origin.list,2021-07-04 00:18:11.253582
estebankott.com/ordasum/,AVAILABILITY,origin.list,2021-07-04 00:18:14.519667
estebankott.com/ordasum/PTRCRL62C21H501R/,AVAILABILITY,origin.list,2021-07-04 00:18:17.786701
estebankott.com/ordasum/SNNRRT80M06D205G/,AVAILABILITY,origin.list,2021-07-04 00:18:21.053453
etawala.com/BACKUP/egNICnA/,AVAILABILITY,origin.list,2021-07-04 00:18:24.320740
evaddesign.com/js/y1czsddr/,AVAILABILITY,origin.list,2021-07-04 00:18:27.586334
ewingconsulting.com/drupal/waw5mv82-6hatb-28925/,AVAILABILITY,origin.list,2021-07-04 00:18:30.853077
excelsiorlawpllc.com/wp-admin/CGsdeJ/,AVAILABILITY,origin.list,2021-07-04 00:18:34.120951
exeo.com/birthday/report/36h53jcnms3f/b764495492407405rpwzw90ybukghmfb/,AVAILABILITY,origin.list,2021-07-04 00:18:37.389432
exilum.com/homegrownorlando.com/djsv1tay8/,AVAILABILITY,origin.list,2021-07-04 00:18:40.656699
exprimidor.cl/nbproject/lm/,AVAILABILITY,origin.list,2021-07-04 00:18:43.925294
extelcon.com/test/cerrado/zd_il6mbiwwleka7nru_disco/93433_LAe8G5O01iJ/,AVAILABILITY,origin.list,2021-07-04 00:18:47.191890
extremcopy.hu/_megrendeles/xaujy78-5ywj-121283/,AVAILABILITY,origin.list,2021-07-04 00:18:50.457349
ezratisrael.org.il/cgi-bin/mxb2q2bj-4vi1-041/,AVAILABILITY,origin.list,2021-07-04 00:18:53.724169
ezratisrael.org.il/cgi-bin/wIBB/,AVAILABILITY,origin.list,2021-07-04 00:18:56.990627
faccomputer.com/images/multifunctional-96807919-8EBfmjneI8MhXE1Z/close-fvxl2FPbrw-2wiSGYC77JlJ2/g6Aue-edseksyI2/,AVAILABILITY,origin.list,2021-07-04 00:19:00.259278
faks.nl/worxcms/3184152392886665/7fn1jl84zjw/,AVAILABILITY,origin.list,2021-07-04 00:19:03.526619
famaval.pt/admin/9789631261_zPZ7I_sector/interior_area/009305713_QTysrR2/,AVAILABILITY,origin.list,2021-07-04 00:19:06.793301
famaweb.ir/intro/OCT/e3w7c8hv/8ximh42228773071150dd1drc3pffduow7xpf/,AVAILABILITY,origin.list,2021-07-04 00:19:10.059349
fanatlanta.org/db_webcal/balance/,AVAILABILITY,origin.list,2021-07-04 00:19:13.325506
fanction.jp/assets/Reporting/,AVAILABILITY,origin.list,2021-07-04 00:19:16.592912
fanda.co.ke/cgi-bin/report/,AVAILABILITY,origin.list,2021-07-04 00:19:19.859142
faroholidays.in/wp-content/browse/hpv20zjy51d9/pflj3671980297540dtomyigat6m3cz5f/,AVAILABILITY,origin.list,2021-07-04 00:19:23.125673
fashiondenver.com/73671KOF/open-4728755-30CgaqeucmpVT/guarded-forum/ko0HErp3s-Kodcrzu2xK59v/,AVAILABILITY,origin.list,2021-07-04 00:19:26.391351
faulidi.com/oqFagLcs/,AVAILABILITY,origin.list,2021-07-04 00:19:29.658233
fenlabenergy.com/restore/open_section/security_area/oStllPbl_d2wbsumqJ10fo/,AVAILABILITY,origin.list,2021-07-04 00:19:32.923023
ferafera.com/blueskies/lm/qiz9wnfauqre/,AVAILABILITY,origin.list,2021-07-04 00:19:36.186279
ferienwohnung-malcesine.de/html/OCT/,AVAILABILITY,origin.list,2021-07-04 00:19:39.452850
fernandez-ulrich.cat/cgi-bin/multifunctional-resource/69237055-p3SgtFGb6ryb-profile/mcmy4jpgfbh2i-094074588u5/,AVAILABILITY,origin.list,2021-07-04 00:19:42.718727
fhcigars.com/Documentation/,AVAILABILITY,origin.list,2021-07-04 00:19:45.988642
fhivelifestyle.online/lidepato/00230530131/,AVAILABILITY,origin.list,2021-07-04 00:19:49.255611
fhivelifestyle.online/lidepato/01562520518/,AVAILABILITY,origin.list,2021-07-04 00:19:52.521477
fhivelifestyle.online/lidepato/03339980793/,AVAILABILITY,origin.list,2021-07-04 00:19:55.786841
fhivelifestyle.online/lidepato/07823500967/,AVAILABILITY,origin.list,2021-07-04 00:19:59.050928
fhivelifestyle.online/lidepato/BROMTR47P50D119R/,AVAILABILITY,origin.list,2021-07-04 00:20:02.320071
fhivelifestyle.online/lidepato/BZZGCR60L30G224R/,AVAILABILITY,origin.list,2021-07-04 00:20:05.589781
fhivelifestyle.online/lidepato/NVLLSS61B28L736N/,AVAILABILITY,origin.list,2021-07-04 00:20:08.857367
fiberdyneqatar.com/logo/DOC/ql0n5fu/e9pn1647457604mlskhssck1sju/,AVAILABILITY,origin.list,2021-07-04 00:20:12.123377
fili.es/david/eTrac/n5hh72901973253foi282gihzds6ts3fxtpq/,AVAILABILITY,origin.list,2021-07-04 00:20:15.389978
filipesantos.com.br/wp-content/available_zone/special_portal/96157673122_Ekvl7e6JZ/,AVAILABILITY,origin.list,2021-07-04 00:20:18.654496
findesign.nl/css/closed_sector/F3saL8_DEMBNfLGw0vUN_forum/z6c5qinxh2g_u32uszu9/,AVAILABILITY,origin.list,2021-07-04 00:20:21.921886
findio.co.ke/cgi-bin/Overview/9rxax6/,AVAILABILITY,origin.list,2021-07-04 00:20:25.187690
finestones.dk/blogs/mxa61_d_ys8fqozh/,AVAILABILITY,origin.list,2021-07-04 00:20:28.453747
finnigans.org.uk/php/Documentation/rzlyuwbds/,AVAILABILITY,origin.list,2021-07-04 00:20:31.719877
firman.com.au/fq_cze_gakl53z/,AVAILABILITY,origin.list,2021-07-04 00:20:34.985811
firstaid-redliv.dk/wp-content/c_zjmm_0p7xzukpo9/,AVAILABILITY,origin.list,2021-07-04 00:20:38.252577
fitsystems.com/fonts/swift/,AVAILABILITY,origin.list,2021-07-04 00:20:41.518630
fizion.nl/wp-content/paclm/5hns2k4tmi/,AVAILABILITY,origin.list,2021-07-04 00:20:44.784685
flamesofrichmond.co.uk/img/eccgtgg/xnrrl340046272572dvmdyu8twrre46czm6vz/;/,AVAILABILITY,origin.list,2021-07-04 00:20:48.050341
flamesofrichmond.co.uk/img/eccgtgg/xnrrl340046272572dvmdyu8twrre46czm6vz/,AVAILABILITY,origin.list,2021-07-04 00:20:51.317281
flexitravel.com/gzb13pe4u50/po70838682154135sp2k9w5wkjly8b/,AVAILABILITY,origin.list,2021-07-04 00:20:54.583390
flgmedia.nl/cgi-bin/oqMpggkKy/,AVAILABILITY,origin.list,2021-07-04 00:20:57.847208
floow.co/fonts/available_LIhAqIXza_8Dl0rucN7m6p9/individual_warehouse/805181320758_Y46FOJj/,AVAILABILITY,origin.list,2021-07-04 00:21:01.114349
foodphotography.in/wp-admin/statement/rl10yk/,AVAILABILITY,origin.list,2021-07-04 00:21:04.380408
foredeckmarine.com.au/assets/docs/,AVAILABILITY,origin.list,2021-07-04 00:21:07.644694
forestanalytics.net/cgi-bin/privado/1r581wijt_0xx_modulo/vacm_bjfcqpip524d8kj5/,AVAILABILITY,origin.list,2021-07-04 00:21:10.911059
forexshifu.com/cgi-bin/KG/,AVAILABILITY,origin.list,2021-07-04 00:21:14.178271
francescoarzeni.it/dist/available-section/corporate-344051876-gtX30sO/76851718337-igerFk9wcJKtZ/,AVAILABILITY,origin.list,2021-07-04 00:21:17.445838
franelessac.com/blog_1/swift/,AVAILABILITY,origin.list,2021-07-04 00:21:20.711598
freelancerland.com/wp-includes/Scan/,AVAILABILITY,origin.list,2021-07-04 00:21:23.980376
frenchiesballooncreations.com.au/images/Reporting/,AVAILABILITY,origin.list,2021-07-04 00:21:27.250944
fresu.ch/blog/report/,AVAILABILITY,origin.list,2021-07-04 00:21:30.518102
frontlyeadinternationalschools.com/wp-includes/LLC/,AVAILABILITY,origin.list,2021-07-04 00:21:33.786034
ftr-postepay-cl-fcc.is-certified.com,AVAILABILITY,origin.list,2021-07-04 00:21:40.353008
fuertecaja.com/wp-content/wzn6iv-ry-81561/,AVAILABILITY,origin.list,2021-07-04 00:21:43.622263
function5.com.au/cache/balance/,AVAILABILITY,origin.list,2021-07-04 00:21:46.890075
gabriellagullberg.com/jqc/,AVAILABILITY,origin.list,2021-07-04 00:26:06.634468
galaenterprises.com.au/site/FILE/,AVAILABILITY,origin.list,2021-07-04 00:26:09.904594
gammapower.com.au/_vti_txt/N0SFV7QMHAD/en5mvjjw0/llg65407405611947046ukghmfbn21keno/,AVAILABILITY,origin.list,2021-07-04 00:26:13.171596
gammatron.com.au/ajd/invoice/mpze2u9/,AVAILABILITY,origin.list,2021-07-04 00:26:16.437311
gazedice.com/test2/4z2pdbfd7udv/,AVAILABILITY,origin.list,2021-07-04 00:26:19.705010
geisterhouse.com/cgi-bin/privado/fFGgs8NJ_lob6NVxpIGXaL_disco/1pk7PB2vH_ikdh7Eu9Xd88/,AVAILABILITY,origin.list,2021-07-04 00:26:22.971869
geivoip.com/cgi-bin/public/,AVAILABILITY,origin.list,2021-07-04 00:26:26.237874
genek.com/ar/eTrac/v22d34aoxw/9h54w3934398511879wpgm89ysysitiljbb/,AVAILABILITY,origin.list,2021-07-04 00:26:29.503456
geoav.cl/wordpress/parts_service/3rm0c33l3/w36044098077zvc9m7uvkeq7q5gbv90b/,AVAILABILITY,origin.list,2021-07-04 00:26:32.770201
geotechnic.co.uk/test1/report/h2bansn4s9yb/gi0359772511dkh0qt1sdbu8pp46yn/,AVAILABILITY,origin.list,2021-07-04 00:26:36.036100
gersonbranco.com.br/bin/esp/,AVAILABILITY,origin.list,2021-07-04 00:26:39.304127
giardinosullamaremma.it/wp-content/MnICFTr/,AVAILABILITY,origin.list,2021-07-04 00:26:42.572023
gironynavarro.com/wp-includes/lm/vfl73dc/,AVAILABILITY,origin.list,2021-07-04 00:26:45.839032
gjoweb.it/style/h4lxhwm2Zw_2etRUvvhPo_1X2syZQyo_833Oddln0w/special_warehouse/LYkofahV7_z39sI264aovxk/,AVAILABILITY,origin.list,2021-07-04 00:26:49.104345
global-ark.co.jp/web/Documentation/,AVAILABILITY,origin.list,2021-07-04 00:26:52.372570
globaliaespacios.com/wp-includes/public/nto08371391490411hpg1e7hk85hfg1xbc0so/,AVAILABILITY,origin.list,2021-07-04 00:26:55.639371
goldenstatetow.com/peradice.com/private-array/Zv46IzHvNN-c6akEEjELac-ch6h0za-zz9/g910mxo4e7jl1-569s806x8/,AVAILABILITY,origin.list,2021-07-04 00:26:58.905366
goldilockstraining.com/wp-includes/sites/,AVAILABILITY,origin.list,2021-07-04 00:27:02.171432
goodbad.co.uk/zoeva/payment/,AVAILABILITY,origin.list,2021-07-04 00:27:05.437296
gooddogrescue.com/ww4w/amheena0q/t482306992170ugujevze0734i/,AVAILABILITY,origin.list,2021-07-04 00:27:08.702710
gorestruly.com/staging/7muem-163-8821/,AVAILABILITY,origin.list,2021-07-04 00:27:11.970841
gptimers.com.au/kdMnUSWh3-PpQ4FRPtbrRJOkz-67903-UreyCUe2/851439683-FhoqOu1-profile/11840993-MpzIQW4QUU/,AVAILABILITY,origin.list,2021-07-04 00:27:15.237624
graduasi.com/wp-content/Overview/s4crxbe969823987hzdz4bhkpgv06900r/,AVAILABILITY,origin.list,2021-07-04 00:27:18.505930
grafikos.com.ar/elecciones2019/public/1h2dduqoy62v/,AVAILABILITY,origin.list,2021-07-04 00:27:21.772802
grandautosalon.pl/033535250-HN6iMmWywXEQ6cN9-disk/verified-space/LMHMJfvlbWTo-z9Ldn853md7b/,AVAILABILITY,origin.list,2021-07-04 00:27:25.040481
gravelrecords.com/wp-admin/5h_jns_l3s6/,AVAILABILITY,origin.list,2021-07-04 00:27:28.308853
greatfxmedia.com/clients/6whg9_9ww91_ev4kr/,AVAILABILITY,origin.list,2021-07-04 00:27:31.574654
greaudstudio.com/docs/olohz_suq_munasyr/,AVAILABILITY,origin.list,2021-07-04 00:27:34.843277
grecoson.com/images/tmr21x-p55m-916118/,AVAILABILITY,origin.list,2021-07-04 00:27:38.111400
greenvalleyschool.com/rand_images/Scan/f5198522012905659886k6ibxvdarmxwamyp6bww/,AVAILABILITY,origin.list,2021-07-04 00:27:41.380354
gregemerson.com/wp-includes/hudy17240/,AVAILABILITY,origin.list,2021-07-04 00:27:44.647001
gregemmerth.com/stats/privado/7kpnwdpzavdj2qu_rjoo9kzem_zona/inFh80L3_KPNSIfOpj88bjB/,AVAILABILITY,origin.list,2021-07-04 00:27:47.914359
gregladen.com/blog/knEIK06090/,AVAILABILITY,origin.list,2021-07-04 00:27:51.185122
grieta.net/cgi-bin/rzXeV/,AVAILABILITY,origin.list,2021-07-04 00:27:54.451204
groncrete.com/bower_components/cvbh8_f0_84rai/,AVAILABILITY,origin.list,2021-07-04 00:27:57.717134
groovability.nl/2016/oLJ/,AVAILABILITY,origin.list,2021-07-04 00:28:00.983805
groovyboove.co.uk/blogs/8T94mmdka13/,AVAILABILITY,origin.list,2021-07-04 00:28:04.249598
grupoleferas.com/twitterAPI/gfdi3fxgt/rnydxd49256662613j1rxnwk1c662ie/,AVAILABILITY,origin.list,2021-07-04 00:28:07.514457
gsiquick.com/prueba/gRQ9G61/,AVAILABILITY,origin.list,2021-07-04 00:28:10.780587
gtdesign.ch/cut_r_37ul9/payment/i9k97o/,AVAILABILITY,origin.list,2021-07-04 00:28:14.048503
gtsouth.com/drinkmenu/38vq_z8al_r5cujfy90n/,AVAILABILITY,origin.list,2021-07-04 00:28:17.317201
guarany.net/banner_tm/IUI2890/,AVAILABILITY,origin.list,2021-07-04 00:28:20.582937
guariz.com.br/WuutjlO/,AVAILABILITY,origin.list,2021-07-04 00:28:23.852152
gunesoluk.com/eotps/heb_x_1ehlbx9/,AVAILABILITY,origin.list,2021-07-04 00:28:27.120721
gunesulkesi.com/wp-includes/paclm/ra45eplxwoef/,AVAILABILITY,origin.list,2021-07-04 00:28:30.389378
guppon.com/kani/E6JqEyw/,AVAILABILITY,origin.list,2021-07-04 00:28:33.656208
guyn3.com/newsletter/z3a_r_rm70xlsb3/,AVAILABILITY,origin.list,2021-07-04 00:28:36.923582
gvits.co.uk/img/parts_service/mqb4765620800764364dlcxfteuixyn79d9m43d/,AVAILABILITY,origin.list,2021-07-04 00:28:40.191937
haek.net/wp-includes/o5kn_2i_4qtj9wg/,AVAILABILITY,origin.list,2021-07-04 00:28:43.458529
hafder.com/images/fhq7h7babdbe5q5052/,AVAILABILITY,origin.list,2021-07-04 00:28:46.726715
hamiltonslive.com/cgi-bin/RGqOWYSY/,AVAILABILITY,origin.list,2021-07-04 00:28:49.992790
hapaistanbul.com/admin/iq-lg-80726/,AVAILABILITY,origin.list,2021-07-04 00:28:53.265635
hatchdogs.com/assets/XIw/,AVAILABILITY,origin.list,2021-07-04 00:28:56.533905
hazelfranks.me.uk/css/vu82k-syf-7188/,AVAILABILITY,origin.list,2021-07-04 00:28:59.801454
hcfoods.com.au/cgi-bin/swift/dmlu7f9/,AVAILABILITY,origin.list,2021-07-04 00:29:03.068848
hcsnet.com.br/qvf/,AVAILABILITY,origin.list,2021-07-04 00:29:06.335637
hdsr.net/cgi-bin/73147137571702/0iv554548995156639kist29n80or33d3bxecr561/,AVAILABILITY,origin.list,2021-07-04 00:29:09.600445
healinghandsonthemove.com/wp-content/2rugff7-99v83-292980/,AVAILABILITY,origin.list,2021-07-04 00:29:12.866319
heartssetfree.org/9c950e/Scan/oh2753083skvphuiffhodq9oz2/,AVAILABILITY,origin.list,2021-07-04 00:29:16.134576
heemaalnews.com/news/eQg/,AVAILABILITY,origin.list,2021-07-04 00:29:19.401180
hegelito.de/wp-admin/3iz1jbwj-jnpw-844/,AVAILABILITY,origin.list,2021-07-04 00:29:22.669362
hellojohnwebb.com/blog/ya6j-n1-68030/,AVAILABILITY,origin.list,2021-07-04 00:29:25.939181
helpmegrowutah.org/administrator/balance/jt4w8wwgdoi/,AVAILABILITY,origin.list,2021-07-04 00:29:29.207405
henkphilipsen.nl/cgi-bin/DOC/,AVAILABILITY,origin.list,2021-07-04 00:29:32.474502
henseldesign.de/css/report/mbaxq6z535/,AVAILABILITY,origin.list,2021-07-04 00:29:35.742164
herbanarts.com/inc/eTrac/6bzxvjgte/ic3019773564ff4871eg3lp4p1/,AVAILABILITY,origin.list,2021-07-04 00:29:39.010075
hercinovic.com/Scripts/attachments/uuib4bo/55681905236344037nvffkvh1/,AVAILABILITY,origin.list,2021-07-04 00:29:42.278583
herms.com/iAntipodes/o0pa-2x8u-921938/,AVAILABILITY,origin.list,2021-07-04 00:29:45.544922
hesa.co.id/_errorpages/sVDA/,AVAILABILITY,origin.list,2021-07-04 00:29:48.814958
heyfoxcomic.com/68838057/,AVAILABILITY,origin.list,2021-07-04 00:29:52.085223
hguk.net/cgi-bin/parts_service/,AVAILABILITY,origin.list,2021-07-04 00:29:55.354210
hirken.com.au/administrator/sites/g172cd310vo/,AVAILABILITY,origin.list,2021-07-04 00:29:58.621087
hitisland.com/corrupt4/m0vav60t-qftb-084/,AVAILABILITY,origin.list,2021-07-04 00:30:01.889868
hitstation.nl/css/parts_service/ly944myw/,AVAILABILITY,origin.list,2021-07-04 00:30:05.157447
hoelscher1.com/clayupdate.com/CVNFOQ/,AVAILABILITY,origin.list,2021-07-04 00:30:08.426380
hofhuistechniek.nl/localhost/2ti9oa/,AVAILABILITY,origin.list,2021-07-04 00:30:11.694639
holhaug.com/OCT/,AVAILABILITY,origin.list,2021-07-04 00:30:14.962688
hollam.com/blog/statement/433w52/o665719766859014p4o4pa4o3dbae/,AVAILABILITY,origin.list,2021-07-04 00:30:18.230039
hollowmoon.net/sites/sites/2nl4laoy2hrm/,AVAILABILITY,origin.list,2021-07-04 00:30:21.499225
homecables.net/wp-content/qL/,AVAILABILITY,origin.list,2021-07-04 00:30:24.768623
hoogveld-service.nl/image/public/1qqxmgx1ceqd/c6jf7i3034098706716050vjgwdxvaue/,AVAILABILITY,origin.list,2021-07-04 00:30:28.035700
hostech.com.br/cgi-bin/swift/g6o0qx1y/,AVAILABILITY,origin.list,2021-07-04 00:30:31.302408
hostmelodia.com.br/lcradioetv/4x1x5u-21i-7655/,AVAILABILITY,origin.list,2021-07-04 00:30:34.570894
houdevelt.com/spaans/report/d3608164554247882vc0flmtetcefq/,AVAILABILITY,origin.list,2021-07-04 00:30:37.838826
houseci.com/js/y5jt1v9-2971-13/,AVAILABILITY,origin.list,2021-07-04 00:30:41.105651
howie23.org/audio/rnvnjev-93fn-494786/,AVAILABILITY,origin.list,2021-07-04 00:30:44.372223
hshub.org/ThemeXP/sites/,AVAILABILITY,origin.list,2021-07-04 00:30:47.642513
huffpuff.com.au/richard/paclm/,AVAILABILITY,origin.list,2021-07-04 00:30:50.913769
hwalek.com/wp-content/ku100883893oi93r86bg/,AVAILABILITY,origin.list,2021-07-04 00:30:54.180096
ibda.adv.br/ARQUIVOS/Reporting/lgq27iXXXXXXXXXXXXXXXXv31psm7yqvkm4qt3c/,AVAILABILITY,origin.list,2021-07-04 00:30:57.447385
iberfoods.com/site/UHaa7627/,AVAILABILITY,origin.list,2021-07-04 00:31:00.713934
icisa.cl/wp-includes/39cfu-gt1z-74/,AVAILABILITY,origin.list,2021-07-04 00:31:03.982448
iclebyte.com/uPD6c443/,AVAILABILITY,origin.list,2021-07-04 00:31:07.249751
ico6.com/vqmod/NVDB99/6z8y5de7/,AVAILABILITY,origin.list,2021-07-04 00:31:10.516406
idealli.com.br/vianna/XOel/,AVAILABILITY,origin.list,2021-07-04 00:31:13.785500
iensenada.cl/images/qcQQHUre/,AVAILABILITY,origin.list,2021-07-04 00:31:17.052586
ifcingenieria.cl/15395MZFKWK/5sty-khh-190133/,AVAILABILITY,origin.list,2021-07-04 00:31:20.320465
ijselrijders.nl/dompdf/Scan/,AVAILABILITY,origin.list,2021-07-04 00:31:23.588896
ikasp.se/fonts/4r166-ca5-902/,AVAILABILITY,origin.list,2021-07-04 00:31:26.857254
ikbenpink.be/cgi-bin/rwi/,AVAILABILITY,origin.list,2021-07-04 00:31:30.126492
ikexpert.com/dni-ph-092/,AVAILABILITY,origin.list,2021-07-04 00:31:33.392965
illumin.org/invoice/nzv-6q534-974/,AVAILABILITY,origin.list,2021-07-04 00:31:36.663946
imaimax.com/xq06330747110950rfqjzsz50lwr0d5djwyln/,AVAILABILITY,origin.list,2021-07-04 00:31:39.932365
imammaliktetouan.com/wp-admin/FILE/f0ec3r336527547211143lwnb825q4gmnb3d/,AVAILABILITY,origin.list,2021-07-04 00:31:43.204794
imaspro.com/done/page/css/bgvlNukh/,AVAILABILITY,origin.list,2021-07-04 00:31:46.476701
imdavidlee.com/wp-content/gnwl7ww5xqwm/,AVAILABILITY,origin.list,2021-07-04 00:31:49.743798
immediax.com/CGI/00g6kg10pyw/,AVAILABILITY,origin.list,2021-07-04 00:31:53.007622
immocop.ch/banner/public/ikbrx3tz/,AVAILABILITY,origin.list,2021-07-04 00:31:56.275651
inch.net/_overlay/INC/20tt1f8he/nyarpi59017674280759lhlmtnk5l1n/,AVAILABILITY,origin.list,2021-07-04 00:31:59.544934
incluschile.cl/naturebeautyspa.com/esp/q2tcp27u18/dr759814554djj8el7qfe4ff7xe8h/,AVAILABILITY,origin.list,2021-07-04 00:32:02.813499
infohost.net.au/dev/private_disk/verifiable_profile/L1L6SAusYvtJ_G52x56G7jexoc/,AVAILABILITY,origin.list,2021-07-04 00:32:06.083405
infohub.com.pk/onlinewebmentor.com/swift/,AVAILABILITY,origin.list,2021-07-04 00:32:09.350700
ingelse.net/Overview/kiq8yeqgk/d0407064686299077828gyssciu3ywa14byfaf/,AVAILABILITY,origin.list,2021-07-04 00:32:12.622973
inkarainbow.com/antiguo/INC/pgmmsdyvzmth/,AVAILABILITY,origin.list,2021-07-04 00:32:15.889725
interdentclean.com/wp-admin/duwrjuq4ud/,AVAILABILITY,origin.list,2021-07-04 00:32:19.157626
intere.com.br/erros/trdodu31307815/,AVAILABILITY,origin.list,2021-07-04 00:32:22.424886
ipirangaonline.com.br/erros/90vuv55-glioy-6317/,AVAILABILITY,origin.list,2021-07-04 00:32:25.695602
irenicinternational.in/website.irenicinternational.in/fFTf/,AVAILABILITY,origin.list,2021-07-04 00:32:28.965536
irishcarsagadir.net/images/ehzrmxltqfmw/,AVAILABILITY,origin.list,2021-07-04 00:32:32.234467
itcnt.com.np/wp-admin/AXc/,AVAILABILITY,origin.list,2021-07-04 00:32:35.502565
jamarhomecareinc.com/wp-admin/cL/,AVAILABILITY,origin.list,2021-07-04 00:32:38.770372
jawara.pro/wp-includes/esPZ/,AVAILABILITY,origin.list,2021-07-04 00:32:42.038162
jetfuelcreative.com/m/payment/yotxl2a/mp60768634685726yyblskmyz5g72/,AVAILABILITY,origin.list,2021-07-04 00:32:45.305127
johnbrussel.nl/wp-snapshots/lm/pz6f9nhcc/,AVAILABILITY,origin.list,2021-07-04 00:32:48.573722
jojofun.co.uk/loges/v7yi_9z9l1_evrg/,AVAILABILITY,origin.list,2021-07-04 00:32:51.843515
kaleembrothers.com/cgi-bin/va7833496035804878vsakgm998p19t/,AVAILABILITY,origin.list,2021-07-04 00:32:55.112618
kanchpurcity.com/cgi-bin/attachments/jol906643089308093945scz916spmbqbmrpzx/,AVAILABILITY,origin.list,2021-07-04 00:32:58.385731
keasocial.com/schultz/cI/,AVAILABILITY,origin.list,2021-07-04 00:33:01.653279
kecsfila.hu/wp-admin/52ud3r55h/,AVAILABILITY,origin.list,2021-07-04 00:33:04.922637
kellogic.com/wp-admin/privado/rEWxJFVuZw_QsUwldyA_sector/3hafb2hutx_oq6s5d5x9eygkg/,AVAILABILITY,origin.list,2021-07-04 00:33:08.192458
kellymorganscience.com/wp-content/FILE/arst6ij/1h3632295944075oz1sbszb711/,AVAILABILITY,origin.list,2021-07-04 00:33:11.461383
kenniscourtureconsignments.com/jqc/,AVAILABILITY,origin.list,2021-07-04 00:33:14.729333
kennol.pk/wp-admin/yu7d_oh2g_zmwbfmqo/,AVAILABILITY,origin.list,2021-07-04 00:33:17.998361
kewcorp.ca/wp-admin/vMaElS/,AVAILABILITY,origin.list,2021-07-04 00:33:21.267144
kibrit.com.tr/wp-admin/p09puc8nlsl/,AVAILABILITY,origin.list,2021-07-04 00:33:24.536715
kiismedia.com/dylan/payment/,AVAILABILITY,origin.list,2021-07-04 00:33:27.804890
konican.com/cgi-bin/multifuncional/7au58llk2y3ktoof_t6ab505y5pwit_modulo/Ya39wM_tKGSpC3CJvuNZ/,AVAILABILITY,origin.list,2021-07-04 00:33:31.074283
kosses.nl/bin/parts_service/,AVAILABILITY,origin.list,2021-07-04 00:33:34.342257
kriomed.uz/admin/hwp-lh5z7-17/,AVAILABILITY,origin.list,2021-07-04 00:33:37.613074
kustens.com/A-Kus/attachments/ph06yz/,AVAILABILITY,origin.list,2021-07-04 00:33:40.883323
kyesgroups.com/cgi-bin/common-sector/interior-4w35m4dp-a3ckwjwoxlpns3/h1mVvbqr-Nxamgr67KGLh/,AVAILABILITY,origin.list,2021-07-04 00:33:44.152667
labonni.com.br/v_2018./qb9f9cijl/,AVAILABILITY,origin.list,2021-07-04 00:33:47.421409
lakallehn.net/cgi-bin/esp/,AVAILABILITY,origin.list,2021-07-04 00:33:50.690921
laminingraphics.co.za/cgi-bin/lm/e5sp18662767484wwnkh6ngcm8qyrpsh/,AVAILABILITY,origin.list,2021-07-04 00:33:53.961405
lddb.org.pk/wp-admin/IK5T-Qh5lmAl16-sector/individual-area/QK5Da703y-qdslKGgx9Mbsm/,AVAILABILITY,origin.list,2021-07-04 00:33:57.232383
leavell-photography.com/cgi-bin/invoice/460x327403406622767bxxxuj3vz52fuq8/,AVAILABILITY,origin.list,2021-07-04 00:34:00.502133
ledgernote.com/wp-admin/louxe/,AVAILABILITY,origin.list,2021-07-04 00:34:03.770124
ledvinaphotography.net/images/85127080508-2U4nMXDkz-array/test-WSgPId-GQr4YGwL234/u9f3-7z21y7utys/,AVAILABILITY,origin.list,2021-07-04 00:34:07.038306
lf-hj.cz/a_b3rvy_ua/,AVAILABILITY,origin.list,2021-07-04 00:34:10.306245
librero.xyz/Scripts/3y_m0cbe_lpgoj7z/,AVAILABILITY,origin.list,2021-07-04 00:34:13.574083
likonifreighters.com/wp-includes/LLC/lxh9ld06a/,AVAILABILITY,origin.list,2021-07-04 00:34:16.841349
lillethun.com/miguel/protected-110800226-zewee0NnortB/close-075452092-hY4K7sBjKVPb/Cp2UeKGgHLO1-sbdhxIk7/,AVAILABILITY,origin.list,2021-07-04 00:34:20.109327
limpio.ba/wp-includes/8pv9212236803yuuakn6sx/,AVAILABILITY,origin.list,2021-07-04 00:34:23.377780
line.campdiy.com,AVAILABILITY,origin.list,2021-07-04 00:34:30.618530
logisafe.com.mx/cgi-bin/9100092/,AVAILABILITY,origin.list,2021-07-04 00:34:33.889740
lojajosemar.com.br/site/hdg-gux-5698/,AVAILABILITY,origin.list,2021-07-04 00:34:37.158520
lokeshullamkecskemet.hu/mail/eTrac/547jbn/,AVAILABILITY,origin.list,2021-07-04 00:34:40.426557
ltrybus.com/cgi-bin/disponible/o0cx0qHa-X8eW60P9pgbiJ2-zona/7712190933-sCVN2jjoK/12264-iU2Xl/,AVAILABILITY,origin.list,2021-07-04 00:34:43.694361
luckybit.jp/o/e_hzu0_hlyygcbr9u/,AVAILABILITY,origin.list,2021-07-04 00:34:46.963934
lupusalimentos.com.br/assinatura/lgswgttc-flpkz-93501/,AVAILABILITY,origin.list,2021-07-04 00:34:50.232703
macserwis.pl/4995371c/1_m_1dau4ki6f/,AVAILABILITY,origin.list,2021-07-04 00:34:53.501905
madlychic.com/cgi-bin/hucr5999590815rof242clcvbjblaz9f/,AVAILABILITY,origin.list,2021-07-04 00:34:56.769370
marisqueiraobarqueiro.pt/modules/2eyu_76wd_82/,AVAILABILITY,origin.list,2021-07-04 00:35:00.039904
mcgrafica.it/hidden/eTrac/a53sbr/,AVAILABILITY,origin.list,2021-07-04 00:35:03.309630
mcomlhr.com/cgi-bin/qpds-5ub-25676/,AVAILABILITY,origin.list,2021-07-04 00:35:06.577270
mcsgroup.co/assets/ncj02fs-iwts6-070/,AVAILABILITY,origin.list,2021-07-04 00:35:09.846159
mdk-physio.info/stats/esp/99el3ffy/ps447988435296u68vuob3m6ms3psu/,AVAILABILITY,origin.list,2021-07-04 00:35:13.113713
meettheharrells.com/css/c7hg-plc-556216/,AVAILABILITY,origin.list,2021-07-04 00:35:16.382765
meinhaarzauber.de/cgi-bin/h4rms-5pr-166131/,AVAILABILITY,origin.list,2021-07-04 00:35:19.652132
meuambientedecoracoes.com.br/update/ux5_iq061_x7f/,AVAILABILITY,origin.list,2021-07-04 00:35:22.920620
mewolters.nl/tmp/DOC/7llw7pqb/,AVAILABILITY,origin.list,2021-07-04 00:35:26.189227
mifaingenieros.com/wp/swift/,AVAILABILITY,origin.list,2021-07-04 00:35:29.458221
misenar.com/rideforhd/8Q/,AVAILABILITY,origin.list,2021-07-04 00:35:32.731548
mitrausahacontrucion.com/css/browse/,AVAILABILITY,origin.list,2021-07-04 00:35:36.000748
mjhl.com.mx/nidavelier/sites/kmwkxwnvpi3/4y0vcs20577928188282a5328gvvooig41u/,AVAILABILITY,origin.list,2021-07-04 00:35:39.271683
modbecloset.com/bigfatbratbabydog/g3u-v6i-9488/,AVAILABILITY,origin.list,2021-07-04 00:35:42.541689
molco.cl/colegio/paclm/q54j394/,AVAILABILITY,origin.list,2021-07-04 00:35:45.811668
monom.si/uplifting/closed_2MhOJK97t_zX1PELecG/test_iUn0ooAg5_HHpjdXrb9/ykvZqYoUEj_iG950auyK324/,AVAILABILITY,origin.list,2021-07-04 00:35:49.081781
mossfs.com.au/wp-content/fVrTuWOb/,AVAILABILITY,origin.list,2021-07-04 00:35:52.351332
muebleslostroncos.cl/cgi-bin/lm/lj8j48b423493010mtoucq0ewi5p8/,AVAILABILITY,origin.list,2021-07-04 00:35:55.619381
myhms.id/cgi-bin/sites/tv85b99lt4l/,AVAILABILITY,origin.list,2021-07-04 00:35:58.891192
najcosmetics.com/img/hvglv_hay_35sacodg/,AVAILABILITY,origin.list,2021-07-04 00:36:02.160916
nasim.hostlin.com/Murcia/0U71BHBBAOW3/jtx972797138066170giyvj9hkzynty6ugplkb/,AVAILABILITY,origin.list,2021-07-04 00:36:05.429447
netcorp.ec/js/protected-575641-ZZfoSIsArXS/open-x5u-zvgo2dz6bm/xwXlTe1Z3z79-01rpHqheubdb/,AVAILABILITY,origin.list,2021-07-04 00:36:08.697354
nettmart.com/cgi-bin/jbGUot/,AVAILABILITY,origin.list,2021-07-04 00:36:11.967190
nevhangunduz.biz/wp-content/hKojeU/,AVAILABILITY,origin.list,2021-07-04 00:36:15.237747
ngcdfkibra.go.ke/mail/sRxXqv/,AVAILABILITY,origin.list,2021-07-04 00:36:18.508667
niaayuningimandari.com/wp-includes/Overview/,AVAILABILITY,origin.list,2021-07-04 00:36:21.777800
nsds.hr/wp-admin/browse/89ug6812020767860091hg0omqo2pz0/,AVAILABILITY,origin.list,2021-07-04 00:36:25.047376
nuwagi.com/old/EOBPpCJ/,AVAILABILITY,origin.list,2021-07-04 00:36:28.315161
nypthealing.com/wp-includes/mZB/,AVAILABILITY,origin.list,2021-07-04 00:36:31.585753
omeryener.com.tr/stylus/zv/,AVAILABILITY,origin.list,2021-07-04 00:36:34.855648
omkarcreative.co.in/assets/open_sector/special_portal/8rnbrpi1_8yy51ws4/,AVAILABILITY,origin.list,2021-07-04 00:36:38.125438
onourstyle.com/admin/HOFOVm/,AVAILABILITY,origin.list,2021-07-04 00:36:41.395338
optimus.com.sg/cgi-bin/cerrado/gl3ho1sae_yfl6uc5c_caja/5769101_QlMp5xxAkkIk/,AVAILABILITY,origin.list,2021-07-04 00:36:44.665057
originalone.ma/ftp/statement/,AVAILABILITY,origin.list,2021-07-04 00:36:47.934290
orionexpresso.com.br/cgi-bin/F9VFQ3/,AVAILABILITY,origin.list,2021-07-04 00:36:51.201835
orohass.com/cgi-bin/2444566464631-5cKU4xiVhr01M-sector/external-profile/jufa2nawalc0-xz548ws9y93/,AVAILABILITY,origin.list,2021-07-04 00:36:54.472034
oshop.es/test/7q0kg-w1-44/,AVAILABILITY,origin.list,2021-07-04 00:36:57.741616
ourplace.com.br/assets/cerrado/rqxsn4g55w_j8jo_seccion/61713804_R47jf465/,AVAILABILITY,origin.list,2021-07-04 00:37:01.011172
overonedjs.com.br/wp-content/thmtposz-xj-9958/,AVAILABILITY,origin.list,2021-07-04 00:37:04.280092
owensii.com/werlopab/03824470284/,AVAILABILITY,origin.list,2021-07-04 00:37:07.548218
owensii.com/werlopab/05538261214/,AVAILABILITY,origin.list,2021-07-04 00:37:10.816353
owensii.com/werlopab/14948391009/,AVAILABILITY,origin.list,2021-07-04 00:37:14.087807
owensii.com/werlopab/MRLRRT77H10C351K/,AVAILABILITY,origin.list,2021-07-04 00:37:17.356388
oxahaus.com/wp-admin/d8teb_n0v0h_dm0uyok/,AVAILABILITY,origin.list,2021-07-04 00:37:20.631755
paco.co.th/wp-content/Reporting/8c66726022781d99o53mku4ah9y/,AVAILABILITY,origin.list,2021-07-04 00:37:23.901953
palestina.gob.ec/wp-content/LLC/,AVAILABILITY,origin.list,2021-07-04 00:37:27.170684
parvamusic.ir/wp-includes/Reporting/,AVAILABILITY,origin.list,2021-07-04 00:37:30.445785
pastaciyiz.biz/wp-includes/INC/fsyrb08lxg/,AVAILABILITY,origin.list,2021-07-04 00:37:33.714235
pattyprado.com.br/sitepppp/YNvXCn/,AVAILABILITY,origin.list,2021-07-04 00:37:36.990505
paulancheta.com/breezes/kqkcel-30l-272/,AVAILABILITY,origin.list,2021-07-04 00:37:40.262133
pck.ostrowiec.pl/wp-content/browse/evvkspfokj6/2jn441542467414881wqpu1bhcmdbktphjnz/,AVAILABILITY,origin.list,2021-07-04 00:37:43.530731
perfectprint.gr/components/uclc11dn-ol-126718/,AVAILABILITY,origin.list,2021-07-04 00:37:46.804877
performanceactive.com/xsell/OCT/6255965737760uwmoylv2/,AVAILABILITY,origin.list,2021-07-04 00:37:50.078667
perlahuelva.es/ENG/rjKJY/,AVAILABILITY,origin.list,2021-07-04 00:37:53.347265
pfuse.net/wp-admin/protected-eBNQ1CebHs-GieGUB1zROIP/close-portal/GqEQxkxt-I5my7rd9Gxqh8d/,AVAILABILITY,origin.list,2021-07-04 00:37:56.616247
philosopherswheel.com/mizeo9/,AVAILABILITY,origin.list,2021-07-04 00:37:59.887641
play.goooogle.services,AVAILABILITY,origin.list,2021-07-04 00:38:06.466001
poskorea.kr/css/Wk/,AVAILABILITY,origin.list,2021-07-04 00:38:09.739104
puertosalsa.cl/js/34gv8-obv-27/,AVAILABILITY,origin.list,2021-07-04 00:38:13.008421
puertosalsa.cl/js/parts_service/na2rlpdy/,AVAILABILITY,origin.list,2021-07-04 00:38:16.278172
pushupimpex.com/products/97693200012535/,AVAILABILITY,origin.list,2021-07-04 00:38:19.546442
radiacaoweb.com.br/personal_sector/test_area/4nj0JbvpZAY_vaygI20pm/,AVAILABILITY,origin.list,2021-07-04 00:38:22.817167
rafamora.net/wp-includes/lOpTNFEZl/,AVAILABILITY,origin.list,2021-07-04 00:38:26.087981
ramirezllc.com/cgi-bin/protegido/pwdb75o564vz916v-9qmw3wem-zona/u201nx8a-rdtfmr2oawh73/,AVAILABILITY,origin.list,2021-07-04 00:38:29.356138
ranking-site.de/picture_library/asf2r-7jesd-9262/,AVAILABILITY,origin.list,2021-07-04 00:38:32.624392
ravenproductionsltd.com/private/90652/,AVAILABILITY,origin.list,2021-07-04 00:38:35.890059
redsolution.com.br/suspended.page/FILE/hczjq1jt48kb/,AVAILABILITY,origin.list,2021-07-04 00:38:39.159734
registeredagentfirm.com/jqc/,AVAILABILITY,origin.list,2021-07-04 00:38:42.429396
renergyholdings.com/shortcodes/uG/,AVAILABILITY,origin.list,2021-07-04 00:38:45.698987
renkegitim.com/cgi-bin/INC/90z6a8mhmv/,AVAILABILITY,origin.list,2021-07-04 00:38:48.967960
revistajanelavip.com.br/cgi-bin/private-qVMCIDG-5wbYNXnp6voU/test-m0d8qa-ud5gq/AHl6WKOR-npisjcfNLoel32/,AVAILABILITY,origin.list,2021-07-04 00:38:52.237981
rhinoplas.co.id/bin/attachments/,AVAILABILITY,origin.list,2021-07-04 00:38:55.509335
riserproperty.com/wp-content/tmIDwqw/,AVAILABILITY,origin.list,2021-07-04 00:38:58.782600
robotics.kinex11.info/wp-includes/a41vs-nh-3435/,AVAILABILITY,origin.list,2021-07-04 00:39:02.051656
roshnijewellery.com/js/is-unl-16841/,AVAILABILITY,origin.list,2021-07-04 00:39:05.320364
rsplot.com.br/iwKAZkA/,AVAILABILITY,origin.list,2021-07-04 00:39:08.589064
rtisistemas.com.br/jdetsob/Ov3a8106w4g7x17030547/,AVAILABILITY,origin.list,2021-07-04 00:39:11.859931
ruateresaonline.com.br/shell/j5-saawm-22120/,AVAILABILITY,origin.list,2021-07-04 00:39:15.130821
sacredscentsonline.com/wp-admin/hg5t-8eh9-825155/,AVAILABILITY,origin.list,2021-07-04 00:39:18.400616
sagnosys.com/fonts/public/,AVAILABILITY,origin.list,2021-07-04 00:39:21.669853
saimission.org/sai/OCT/,AVAILABILITY,origin.list,2021-07-04 00:39:24.941127
santyago.org/wp-content/nsigc54/,AVAILABILITY,origin.list,2021-07-04 00:39:28.212373
sathobby.com/wp-admin/personal-sector/verified-profile/Tu3Y55aa4s-y2KbMM77/,AVAILABILITY,origin.list,2021-07-04 00:39:31.482012
scmasabacus.com/js/FILE/r6f4g5co4m/,AVAILABILITY,origin.list,2021-07-04 00:39:34.751875
scoenuganda.org/wp-admin/k_fhsvc_wni2zxzrc/,AVAILABILITY,origin.list,2021-07-04 00:39:38.023873
sehahealth.com/wp-content/awto7y-hn-1775/,AVAILABILITY,origin.list,2021-07-04 00:39:41.292644
sertcom.net/_vti_bin/LiUoBmTHW/,AVAILABILITY,origin.list,2021-07-04 00:39:44.561629
servicebras.com.br/personal_disk/Documentation/djez7cmhe/j032083030854758b6yd44fw/,AVAILABILITY,origin.list,2021-07-04 00:39:47.832486
sfiromilos.gr/libraries/Overview/9p7jx45432144860352qor325j5bmd3z6p81/,AVAILABILITY,origin.list,2021-07-04 00:39:51.103201
sggogreenbags.com/wp-content/lm/s5972015qtqs92zfih69/,AVAILABILITY,origin.list,2021-07-04 00:39:54.373807
shadarabia.com/cgi-bin/protected-MOClTtO-LllxMRpzvA/test-area/GMZThCd3oO-kfnKNNM1auG2g0/,AVAILABILITY,origin.list,2021-07-04 00:39:57.642909
shadarabia.com/cgi-bin/srj3rxy/,AVAILABILITY,origin.list,2021-07-04 00:40:00.912718
shakahats.com/jqc/,AVAILABILITY,origin.list,2021-07-04 00:40:04.183092
sheilasteinfeld.com/browse/,AVAILABILITY,origin.list,2021-07-04 00:40:07.452662
shivakunwar.com.np/softee/24eo46-cbfh-9709/,AVAILABILITY,origin.list,2021-07-04 00:40:10.721559
signworld.nl/website-ivo-2019/nRxK/,AVAILABILITY,origin.list,2021-07-04 00:40:13.991568
simulations.org/rw_common/DOC/,AVAILABILITY,origin.list,2021-07-04 00:40:17.257277
singledynamics.com/jqc/,AVAILABILITY,origin.list,2021-07-04 00:40:20.526310
sirthinks.com/cgi-bin/parts_service/tb1g5k/,AVAILABILITY,origin.list,2021-07-04 00:40:23.793054
skeptic.za.org/about/esp/reschy6/i8bkp759317717322jzyuf7wpamfu2g/,AVAILABILITY,origin.list,2021-07-04 00:40:27.062214
skpsoft.com/wp-admin/YnsFh/,AVAILABILITY,origin.list,2021-07-04 00:40:30.332859
slanacom.si/css/Scan/9lutb0me/,AVAILABILITY,origin.list,2021-07-04 00:40:33.602816
slbqms.co.ls/cgi-bin/CHrsuXU/,AVAILABILITY,origin.list,2021-07-04 00:40:36.871964
slideit.co.il/me-tlv.co.il/lm/,AVAILABILITY,origin.list,2021-07-04 00:40:40.143688
slservicebd.com/wp-content/ObaGMM/,AVAILABILITY,origin.list,2021-07-04 00:40:43.414579
smarthub.ws/generated/public/z6xqyb9ikxf5/,AVAILABILITY,origin.list,2021-07-04 00:40:46.687784
smartlogo.com.br/nova/balance/9v68wheh//,AVAILABILITY,origin.list,2021-07-04 00:40:49.962027
smartlogo.com.br/nova/balance/9v68wheh/,AVAILABILITY,origin.list,2021-07-04 00:40:53.229712
smashingcake.com/blog/zjzjjpi-w5uv-455/,AVAILABILITY,origin.list,2021-07-04 00:40:56.499245
smmboster.com/lm/pa1b3du7h/,AVAILABILITY,origin.list,2021-07-04 00:40:59.769821
social.farfetchedproductions.com,AVAILABILITY,origin.list,2021-07-04 00:41:06.929371
softwarestore24.de/assets/LLC/b5x6hc7/qx56072491005zr2nl7vhavfsgnc38/,AVAILABILITY,origin.list,2021-07-04 00:41:10.200674
sokouganda.net/vqgen/iwc7s2i/,AVAILABILITY,origin.list,2021-07-04 00:41:13.469877
sourcetechno.com/wp-includes/pl0_sux_k2b4cgyr/,AVAILABILITY,origin.list,2021-07-04 00:41:16.738611
speakerrepairs.co.za/stqmpb/browse/y3iw41875607992rgglscreh5er2uw56qvr/,AVAILABILITY,origin.list,2021-07-04 00:41:20.008589
spiidgas.com.br/site2/br_o_0f7t/,AVAILABILITY,origin.list,2021-07-04 00:41:23.279069
spindelaar.nl/mine/parts_service/jbe14a/,AVAILABILITY,origin.list,2021-07-04 00:41:26.548451
spitzertech.net/wp-content/D9pmd93694/,AVAILABILITY,origin.list,2021-07-04 00:41:29.817673
stageone.dk/image/CGTpYjp/,AVAILABILITY,origin.list,2021-07-04 00:41:33.091139
standardcolours.com/organic_pigments/WmkJgjfGr/,AVAILABILITY,origin.list,2021-07-04 00:41:36.361722
starrpromotions.co.uk/files/0swfh_d7_3wqdwymn00/,AVAILABILITY,origin.list,2021-07-04 00:41:39.632012
stolkie.net/m/nwaA/,AVAILABILITY,origin.list,2021-07-04 00:41:42.902066
streefkerk.be/wp-admin/attachments/8voc4vio7q/lx5sm34579077226rkl0tj3bnc0dlp06/,AVAILABILITY,origin.list,2021-07-04 00:41:46.172614
subforsanta.org/views/lm/6jmqrm8pqm/,AVAILABILITY,origin.list,2021-07-04 00:41:49.443527
sugarcoatedspider.co.uk/awstats-icon/xx8ofi-acrpk-88596/,AVAILABILITY,origin.list,2021-07-04 00:41:52.713902
suinfotech.net/wp-content/9PN5Lu445-qW9wcSt93AG8l-vn96egvywe4-ak05mmvj96/additional-area/gtt-6xvv60ux7vyw/,AVAILABILITY,origin.list,2021-07-04 00:41:55.983024
szoboszlorhinos.hu/2123773_tGMTFXHTlS_section/corporate_forum/m5gu6vsb4_66t2551u0944u/,AVAILABILITY,origin.list,2021-07-04 00:41:59.252748
tarjetasas.com/web/o9kb_qb_na7usf6/,AVAILABILITY,origin.list,2021-07-04 00:42:02.523570
tcenteronline.com/ostic/ipv2y-9w4hc8f4jeeway0e-dK03-WAAm5Ss3FPZ6/close-cloud/lXtLG9244wiZ-5t7w7mcL/,AVAILABILITY,origin.list,2021-07-04 00:42:05.794002
techhampton.com/wwwdownloadInvoice/OCT/xtn9k3w8/,AVAILABILITY,origin.list,2021-07-04 00:42:09.064382
tecnofrota.net/cgi-bin/iipf1643892td33yxxcoojculzar6uq/,AVAILABILITY,origin.list,2021-07-04 00:42:12.334746
teploservis.info/system/Reporting/8g1986539134vsifajldytp3h/,AVAILABILITY,origin.list,2021-07-04 00:42:15.604427
terichmir.com.pk/wp-includes/sTA/,AVAILABILITY,origin.list,2021-07-04 00:42:18.875186
tewoerd.eu/img/closed_array/test_forum/ioctdec0z1rkopl_3z5y1vyx1x49sv/,AVAILABILITY,origin.list,2021-07-04 00:42:22.144636
tfosgroup.com/wp-admin/lm/6qi9u071df/,AVAILABILITY,origin.list,2021-07-04 00:42:25.414847
tgmobile.es/wp-content/protected-box/additional-warehouse/eNfzWDjgqBG-ldlhosehb94a/,AVAILABILITY,origin.list,2021-07-04 00:42:28.685858
theebeautyspot.co.uk/wp-includes/report/50vue0lls3tu/,AVAILABILITY,origin.list,2021-07-04 00:42:31.960316
thesterlinggroup.org/scripts/protected_FbRll_YevPIcd/test_area/ioLCUp_vuzo9tJ30yr/,AVAILABILITY,origin.list,2021-07-04 00:42:35.230559
thoseweekendgolfguys.com/newsletter/available_disk/verifiable_forum/jrjs5sd_075xv312x62ts9/,AVAILABILITY,origin.list,2021-07-04 00:42:38.498934
tomjoosten.nl/OOP/dmtx6ha/,AVAILABILITY,origin.list,2021-07-04 00:42:41.770700
toprakmedia.com/cgi-bin/attachments/,AVAILABILITY,origin.list,2021-07-04 00:42:45.040037
topsmartmobile.com/wp-content/c8w2-zoxen-545560/,AVAILABILITY,origin.list,2021-07-04 00:42:48.310959
torqueandtalk.com/wp-content/d4wa_m9_8u5yii2j/,AVAILABILITY,origin.list,2021-07-04 00:42:51.581762
toutdoor.com.my/templates/ZKYVns/,AVAILABILITY,origin.list,2021-07-04 00:42:54.851849
trainingbodies.com/webmaster/personal_box/special_warehouse/677383_zjRswcjnzQLYG/,AVAILABILITY,origin.list,2021-07-04 00:42:58.118095
tria.ge/200730-629m253aw6/behavioral1,AVAILABILITY,origin.list,2021-07-04 00:43:01.388077
tria.ge/200730-njqjznbwej/behavioral1,AVAILABILITY,origin.list,2021-07-04 00:43:04.658864
tria.ge/200730-plsekl12as/behavioral1,AVAILABILITY,origin.list,2021-07-04 00:43:07.929116
tyronescleancredit.com/wp-admin/eTrac/pwtnwqtqr/opx22615643nfkdjdzpt2d2w9a43/,AVAILABILITY,origin.list,2021-07-04 00:43:11.198942
uniaoabc.com.br/protegido/oy3-806-65/,AVAILABILITY,origin.list,2021-07-04 00:43:14.468578
uniteddatabase.net/wp-content/private_niDN4Vm0O_951ygcTklf4Ox76/33660587_uds6cKdDBCcGPZt_portal/7952309395_KGZN4tJaSymwn/,AVAILABILITY,origin.list,2021-07-04 00:43:17.739342
urbaneden.net/awstats/gjec_g3g_jjblgv8wkh/,AVAILABILITY,origin.list,2021-07-04 00:43:21.011771
urog.co.uk/wwvvv/browse/,AVAILABILITY,origin.list,2021-07-04 00:43:24.283007
vaap.us/wp-content/closed_disk/verifiable_cloud/ZIeuauznKG74_afdLdkMku2H/,AVAILABILITY,origin.list,2021-07-04 00:43:27.551402
valleyinsurancepro.com/css/zgqvti-o8ihp-797640/,AVAILABILITY,origin.list,2021-07-04 00:43:30.823411
valorpresente.cl/phpmailer/multifunctional_70602_ETIivOa8HcK/security_warehouse/lozKYe6ui_oJ0lnLp53auw/,AVAILABILITY,origin.list,2021-07-04 00:43:34.094848
vandermade.eu/cgi-bin/6738289750100-TG3eXXnXGoBWu-sector/special-profile/YVOMm-3rxb8L4nG7s/,AVAILABILITY,origin.list,2021-07-04 00:43:37.367094
vasinfo.com.br/uploads/INC/toqn40xxa/3dymlsk3665192952125550346k0hx52auspx56deh/,AVAILABILITY,origin.list,2021-07-04 00:43:40.636427
vemax.sk/haspp_subory/Document/egwliu/,AVAILABILITY,origin.list,2021-07-04 00:43:43.907204
vidiantec.cl/wp-admin/docs/v7cvvw9wafq/,AVAILABILITY,origin.list,2021-07-04 00:43:47.177271
vipmein.com/assets2/esp/ty5uin/,AVAILABILITY,origin.list,2021-07-04 00:43:50.448561
viportal.co/shoock/FILE/,AVAILABILITY,origin.list,2021-07-04 00:43:53.718441
virtualchoicesolutions.com/js/.kh/.cm/.cm,AVAILABILITY,origin.list,2021-07-04 00:43:56.989760
vizpoets.com/includes/comun/pqal30_cgevfff3bznn_seccion/593933641780_GVKgBswc/,AVAILABILITY,origin.list,2021-07-04 00:44:00.260377
vizyonpr.com/wp-includes/FILE/,AVAILABILITY,origin.list,2021-07-04 00:44:03.532211
vonunger-representaciones.cl/assets/private-disk/security-area/x1zkwm-LJmNp3eqqHi/,AVAILABILITY,origin.list,2021-07-04 00:44:06.804237
vpinversiones.cl/img/common_00700285_auFmCglB/guarded_space/kLZgWI6pmZz_w7vd1MnLNIru2g/,AVAILABILITY,origin.list,2021-07-04 00:44:10.078963
vtff.ca/wp-includes/au6ihkf-3vq8cvi4zo-box/corporate-forum/LSePIa5vo1Z9-xklmoucx4peuy/,AVAILABILITY,origin.list,2021-07-04 00:44:13.349164
w1glv.com/w1glvcom/closed-resource/evscqr6-cnlns29v-area/56559974034903-ggpaNqCFD9/,AVAILABILITY,origin.list,2021-07-04 00:44:16.620853
w4icw.com/Website/invoice/,AVAILABILITY,origin.list,2021-07-04 00:44:19.891951
wagls.com/ftp/cerrado/t7e5ecfs9-p368176qu2p-caja/41036930741-Fdxu1j/,AVAILABILITY,origin.list,2021-07-04 00:44:23.163924
wak.co.ke/cgi-bin/ygNzrF/,AVAILABILITY,origin.list,2021-07-04 00:44:26.435219
waxtoncctv.com/forms/1092492180151127/qauamgmilj98/rf3023731744520h5cq5zgzh9/,AVAILABILITY,origin.list,2021-07-04 00:44:29.705738
waybackwhenbycynthia.com/edikaso/00214230260/,AVAILABILITY,origin.list,2021-07-04 00:44:32.977822
waybackwhenbycynthia.com/edikaso/DGRFBA72C20A390S/,AVAILABILITY,origin.list,2021-07-04 00:44:36.248673
waybackwhenbycynthia.com/edikaso/GLLGLL65B14F839Z/,AVAILABILITY,origin.list,2021-07-04 00:44:39.519189
waybackwhenbycynthia.com/edikaso/LNESFN66H03L219X/,AVAILABILITY,origin.list,2021-07-04 00:44:42.793725
wedif.com/wp-includes/641103991036/6zq71964877680747aj2viz2qlcgikqz2/,AVAILABILITY,origin.list,2021-07-04 00:44:46.064497
werkhanden.nl/blogs/FILE/694s3g8st/,AVAILABILITY,origin.list,2021-07-04 00:44:49.338772
whateverest.ch/meditationes/4Pdv9304pyj8191258/,AVAILABILITY,origin.list,2021-07-04 00:44:52.607274
whenua.cl/peZzya/,AVAILABILITY,origin.list,2021-07-04 00:44:55.879663
wind-dreams.co.uk/_derived/INC/i8y9zhruzu6/,AVAILABILITY,origin.list,2021-07-04 00:44:59.151496
wishesconcierge.com/wp-content/closed_disk/verifiable_32517662880_Wr3uEUtbB/989040_ShTbaZSTgFSt/,AVAILABILITY,origin.list,2021-07-04 00:45:02.419884
withdrake.com/stacymgreen/etqjdgf4343351/,AVAILABILITY,origin.list,2021-07-04 00:45:05.686184
witje.be/dutchphotozone/LudZ/,AVAILABILITY,origin.list,2021-07-04 00:45:08.953827
wormann.dk/wp-admin/public/tfhorxpn4/,AVAILABILITY,origin.list,2021-07-04 00:45:12.224508
wtechsolution.com/bm/multifunctional_zone/additional_NVPv6GhIy_CMx2K3jGP3q/2712695873267_OpJOZfFd8vnO8/,AVAILABILITY,origin.list,2021-07-04 00:45:15.494337
wwpayday.com/cgi-bin/DK/,AVAILABILITY,origin.list,2021-07-04 00:45:18.765112
yeichner.com/old/iyv0hf8926444/,AVAILABILITY,origin.list,2021-07-04 00:45:22.038660
yeumoitruong.vn/install/CQbLnC/,AVAILABILITY,origin.list,2021-07-04 00:45:25.310182
ymdc786.com/connectors/0u9462/,AVAILABILITY,origin.list,2021-07-04 00:45:28.581512
yumiwong.com/img/Hct998/,AVAILABILITY,origin.list,2021-07-04 00:45:31.852293
yusufpaintings.com/cgi-bin/symNCd/,AVAILABILITY,origin.list,2021-07-04 00:45:35.125395
zakahlife.com/wp-includes/Reporting/,AVAILABILITY,origin.list,2021-07-04 00:45:38.395987
zebracolor.fi/soundproof/eTrac/,AVAILABILITY,origin.list,2021-07-04 00:45:41.668122
zurfluh.net/PDF/multifunctional-module/additional-space/ygrb98s28sfl0uhc-6w3t/,AVAILABILITY,origin.list,2021-07-04 00:45:44.950564
17173wang.com,AVAILABILITY,origin.list,2021-07-04 00:45:51.753067
91ise.info,AVAILABILITY,origin.list,2021-07-04 00:46:03.637880
a1akeyssportfishing.com,AVAILABILITY,origin.list,2021-07-04 00:53:01.062197
abbiholland.com,AVAILABILITY,origin.list,2021-07-04 00:53:07.444663
aldersgatencsc.org,AVAILABILITY,origin.list,2021-07-04 00:53:31.489460
alefunny.pl,AVAILABILITY,origin.list,2021-07-04 00:53:39.112018
alexa-silver.com,AVAILABILITY,origin.list,2021-07-04 00:53:44.634417
alexgas-doo.com,AVAILABILITY,origin.list,2021-07-04 00:53:50.201873
alfalakgifts.com,AVAILABILITY,origin.list,2021-07-04 00:53:56.746298
alkalifeph.fr,AVAILABILITY,origin.list,2021-07-04 00:54:04.093419
allchannel.net,AVAILABILITY,origin.list,2021-07-04 00:54:10.629803
amazingtipsbook.com,AVAILABILITY,origin.list,2021-07-04 00:54:20.615124
answerzones.com,AVAILABILITY,origin.list,2021-07-04 00:54:27.116128
arabianglitz.com,AVAILABILITY,origin.list,2021-07-04 00:54:33.480149
arabian-link.com,AVAILABILITY,origin.list,2021-07-04 00:54:39.148222
arsmakina.org,AVAILABILITY,origin.list,2021-07-04 00:54:50.732318
asaproducoes.com,AVAILABILITY,origin.list,2021-07-04 00:54:57.268139
asianbooty.net,AVAILABILITY,origin.list,2021-07-04 00:55:03.750430
asreklama.com,AVAILABILITY,origin.list,2021-07-04 00:55:10.317270
associationlachaloupe.com,AVAILABILITY,origin.list,2021-07-04 00:55:16.873945
athomeyogi.com,AVAILABILITY,origin.list,2021-07-04 00:55:29.370559
azshop24.com.vn,AVAILABILITY,origin.list,2021-07-04 00:56:07.890649
b2c-batteries.com,AVAILABILITY,origin.list,2021-07-04 00:56:13.598781
babamal.com,AVAILABILITY,origin.list,2021-07-04 00:56:20.147561
bachledowka.net,AVAILABILITY,origin.list,2021-07-04 00:56:26.689056
baotintravel.com,AVAILABILITY,origin.list,2021-07-04 00:56:38.790347
bdvdo.net,AVAILABILITY,origin.list,2021-07-04 00:56:48.522060
bestpurseshop.com,AVAILABILITY,origin.list,2021-07-04 00:56:54.948729
billwinephotography.com,AVAILABILITY,origin.list,2021-07-04 00:57:05.181714
boosyy.com,AVAILABILITY,origin.list,2021-07-04 00:57:14.947728
boraba.net,AVAILABILITY,origin.list,2021-07-04 00:57:21.391988
boxianbaiwan.com,AVAILABILITY,origin.list,2021-07-04 00:57:27.876183
broadcastaudiodevices.com,AVAILABILITY,origin.list,2021-07-04 00:57:34.263604
202101060345,AVAILABILITY,origin.list,2021-07-04 00:57:38.363155
06-01-2021,AVAILABILITY,origin.list,2021-07-04 00:57:41.715738
202101110345,AVAILABILITY,origin.list,2021-07-04 00:57:45.813534
11-01-2021,AVAILABILITY,origin.list,2021-07-04 00:57:49.165090
202101150345,AVAILABILITY,origin.list,2021-07-04 00:57:53.261626
15-01-2021,AVAILABILITY,origin.list,2021-07-04 00:57:56.677872
202101220345,AVAILABILITY,origin.list,2021-07-04 00:58:00.773348
22-01-2021,AVAILABILITY,origin.list,2021-07-04 00:58:04.126459
202101250345,AVAILABILITY,origin.list,2021-07-04 00:58:08.231516
25-01-2021,AVAILABILITY,origin.list,2021-07-04 00:58:11.646769
202101270345,AVAILABILITY,origin.list,2021-07-04 00:58:15.746821
27-01-2021,AVAILABILITY,origin.list,2021-07-04 00:58:19.164288
202101290345,AVAILABILITY,origin.list,2021-07-04 00:58:23.267860
29-01-2021,AVAILABILITY,origin.list,2021-07-04 00:58:26.686422
202103310345,AVAILABILITY,origin.list,2021-07-04 00:58:30.785407
31-03-2021,AVAILABILITY,origin.list,2021-07-04 00:58:34.203838
convalida-dispositivo.com,AVAILABILITY,origin.list,2021-07-04 00:58:39.797241
gruppoisp-sblocca-intesa.com,AVAILABILITY,origin.list,2021-07-04 00:58:45.651271
sicuro-info.com,AVAILABILITY,origin.list,2021-07-04 00:58:51.239381
202104160345,AVAILABILITY,origin.list,2021-07-04 00:58:55.333426
16-04-2021,AVAILABILITY,origin.list,2021-07-04 00:58:58.753581
202104210345,AVAILABILITY,origin.list,2021-07-04 00:59:02.851341
21-04-2021,AVAILABILITY,origin.list,2021-07-04 00:59:06.278782
202104230345,AVAILABILITY,origin.list,2021-07-04 00:59:10.377988
23-04-2021,AVAILABILITY,origin.list,2021-07-04 00:59:13.793417
202104260345,AVAILABILITY,origin.list,2021-07-04 00:59:17.897480
26-04-2021,AVAILABILITY,origin.list,2021-07-04 00:59:21.314349
202104300345,AVAILABILITY,origin.list,2021-07-04 00:59:25.416059
30-04-2021,AVAILABILITY,origin.list,2021-07-04 00:59:28.831922
202105030345,AVAILABILITY,origin.list,2021-07-04 00:59:32.932644
03-05-2021,AVAILABILITY,origin.list,2021-07-04 00:59:36.285285
202105050345,AVAILABILITY,origin.list,2021-07-04 00:59:40.381434
05-05-2021,AVAILABILITY,origin.list,2021-07-04 00:59:43.735510
202105070345,AVAILABILITY,origin.list,2021-07-04 00:59:47.836282
07-05-2021,AVAILABILITY,origin.list,2021-07-04 00:59:51.186904
202105100345,AVAILABILITY,origin.list,2021-07-04 00:59:55.289978
10-05-2021,AVAILABILITY,origin.list,2021-07-04 00:59:58.703539
202105210345,AVAILABILITY,origin.list,2021-07-04 01:00:02.802911
21-05-2021,AVAILABILITY,origin.list,2021-07-04 01:00:06.157146
202105240345,AVAILABILITY,origin.list,2021-07-04 01:00:10.252207
24-05-2021,AVAILABILITY,origin.list,2021-07-04 01:00:13.666954
202105280345,AVAILABILITY,origin.list,2021-07-04 01:00:17.768269
28-05-2021,AVAILABILITY,origin.list,2021-07-04 01:00:21.183575
202105310345,AVAILABILITY,origin.list,2021-07-04 01:00:25.282217
31-05-2021,AVAILABILITY,origin.list,2021-07-04 01:00:28.696455
202106040345,AVAILABILITY,origin.list,2021-07-04 01:00:32.795357
04-06-2021,AVAILABILITY,origin.list,2021-07-04 01:00:36.217335
202106061219,AVAILABILITY,origin.list,2021-07-04 01:00:40.313257
06-06-2021,AVAILABILITY,origin.list,2021-07-04 01:00:43.668154
